gene	position	entropy
E	5	0.005
E	8	0.003
E	9	0.005
E	19	0.003
E	21	0.060
E	24	0.003
E	26	0.003
E	27	0.003
E	49	0.013
E	58	0.015
E	61	0.005
E	62	0.011
E	67	0.007
E	68	0.009
E	71	0.185
E	72	0.008
E	73	0.011
M	2	0.049
M	3	0.019
M	4	0.003
M	6	0.008
M	7	0.008
M	10	0.003
M	12	0.003
M	14	0.005
M	15	0.003
M	16	0.003
M	17	0.003
M	23	0.007
M	28	0.033
M	29	0.005
M	31	0.005
M	34	0.005
M	38	0.003
M	41	0.003
M	44	0.003
M	46	0.005
M	55	0.005
M	60	0.009
M	63	0.003
M	64	0.003
M	66	0.003
M	69	0.010
M	70	0.022
M	73	0.003
M	79	0.003
M	81	0.009
M	82	0.622
M	84	0.003
M	85	0.005
M	94	0.003
M	97	0.003
M	98	0.003
M	100	0.003
M	109	0.009
M	121	0.007
M	123	0.003
M	125	0.017
M	129	0.003
M	132	0.003
M	135	0.003
M	139	0.003
M	148	0.003
M	155	0.008
M	160	0.003
M	162	0.005
M	171	0.003
M	175	0.007
M	197	0.005
M	209	0.008
M	212	0.003
N	2	0.084
N	3	0.578
N	4	0.003
N	5	0.005
N	6	0.010
N	8	0.031
N	9	0.063
N	11	0.007
N	12	0.067
N	13	0.199
N	14	0.015
N	15	0.003
N	16	0.007
N	18	0.008
N	19	0.005
N	21	0.005
N	22	0.017
N	24	0.012
N	25	0.014
N	27	0.005
N	28	0.009
N	30	0.032
N	31	0.003
N	32	0.005
N	33	0.025
N	34	0.023
N	35	0.019
N	37	0.012
N	38	0.017
N	40	0.003
N	41	0.003
N	46	0.003
N	48	0.003
N	49	0.014
N	55	0.005
N	63	0.560
N	67	0.052
N	70	0.013
N	72	0.003
N	78	0.003
N	80	0.256
N	84	0.005
N	89	0.003
N	90	0.003
N	95	0.003
N	96	0.010
N	103	0.005
N	113	0.003
N	119	0.048
N	120	0.003
N	122	0.003
N	127	0.005
N	128	0.014
N	134	0.005
N	135	0.025
N	136	0.007
N	139	0.051
N	140	0.003
N	142	0.003
N	144	0.036
N	145	0.009
N	147	0.003
N	151	0.040
N	152	0.013
N	154	0.003
N	156	0.020
N	160	0.005
N	162	0.003
N	164	0.003
N	165	0.003
N	166	0.003
N	168	0.005
N	169	0.003
N	173	0.003
N	178	0.005
N	179	0.010
N	180	0.008
N	182	0.003
N	183	0.017
N	185	0.005
N	186	0.005
N	187	0.030
N	188	0.003
N	190	0.005
N	191	0.005
N	193	0.022
N	194	0.134
N	195	0.010
N	196	0.008
N	197	0.073
N	198	0.003
N	199	0.105
N	200	0.011
N	201	0.010
N	202	0.090
N	203	1.081
N	204	0.765
N	205	0.312
N	206	0.020
N	207	0.022
N	208	0.112
N	209	0.130
N	210	0.017
N	211	0.030
N	212	0.053
N	213	0.025
N	214	0.093
N	215	0.466
N	216	0.003
N	217	0.003
N	218	0.003
N	219	0.005
N	220	0.078
N	221	0.005
N	228	0.003
N	229	0.014
N	230	0.005
N	231	0.003
N	232	0.005
N	234	0.156
N	235	0.508
N	236	0.005
N	238	0.018
N	239	0.003
N	241	0.003
N	243	0.020
N	244	0.003
N	249	0.003
N	251	0.017
N	252	0.005
N	254	0.005
N	256	0.007
N	263	0.003
N	265	0.007
N	267	0.005
N	270	0.012
N	271	0.003
N	273	0.003
N	279	0.008
N	281	0.007
N	288	0.003
N	289	0.009
N	290	0.005
N	292	0.038
N	294	0.005
N	296	0.003
N	300	0.025
N	303	0.003
N	307	0.003
N	308	0.003
N	310	0.003
N	311	0.003
N	317	0.005
N	321	0.003
N	322	0.005
N	325	0.005
N	326	0.023
N	327	0.036
N	330	0.005
N	331	0.003
N	334	0.005
N	336	0.008
N	344	0.007
N	348	0.017
N	352	0.003
N	357	0.003
N	359	0.015
N	362	0.032
N	364	0.017
N	365	0.051
N	366	0.051
N	367	0.003
N	368	0.003
N	370	0.003
N	373	0.005
N	374	0.005
N	376	0.025
N	377	0.585
N	378	0.028
N	379	0.022
N	380	0.003
N	381	0.003
N	383	0.046
N	384	0.003
N	385	0.087
N	387	0.003
N	388	0.003
N	389	0.010
N	390	0.009
N	391	0.011
N	393	0.005
N	397	0.005
N	398	0.005
N	399	0.012
N	401	0.015
N	402	0.028
N	405	0.003
N	409	0.003
N	412	0.005
N	413	0.022
N	414	0.017
N	415	0.003
N	416	0.003
N	418	0.032
ORF1a	2	0.008
ORF1a	4	0.039
ORF1a	7	0.003
ORF1a	12	0.005
ORF1a	16	0.003
ORF1a	18	0.003
ORF1a	24	0.017
ORF1a	27	0.005
ORF1a	28	0.003
ORF1a	34	0.014
ORF1a	37	0.011
ORF1a	39	0.003
ORF1a	40	0.003
ORF1a	45	0.003
ORF1a	47	0.003
ORF1a	49	0.009
ORF1a	50	0.003
ORF1a	54	0.003
ORF1a	55	0.005
ORF1a	57	0.003
ORF1a	62	0.003
ORF1a	63	0.005
ORF1a	68	0.003
ORF1a	75	0.008
ORF1a	76	0.003
ORF1a	77	0.003
ORF1a	78	0.014
ORF1a	79	0.003
ORF1a	80	0.012
ORF1a	81	0.010
ORF1a	82	0.025
ORF1a	83	0.033
ORF1a	84	0.038
ORF1a	85	0.041
ORF1a	86	0.035
ORF1a	87	0.025
ORF1a	88	0.003
ORF1a	89	0.005
ORF1a	90	0.005
ORF1a	93	0.003
ORF1a	94	0.003
ORF1a	95	0.003
ORF1a	96	0.003
ORF1a	97	0.003
ORF1a	98	0.005
ORF1a	99	0.003
ORF1a	100	0.005
ORF1a	102	0.032
ORF1a	104	0.005
ORF1a	108	0.003
ORF1a	110	0.020
ORF1a	111	0.003
ORF1a	112	0.003
ORF1a	114	0.018
ORF1a	116	0.003
ORF1a	117	0.005
ORF1a	120	0.011
ORF1a	121	0.003
ORF1a	122	0.003
ORF1a	124	0.003
ORF1a	130	0.003
ORF1a	131	0.003
ORF1a	138	0.005
ORF1a	139	0.007
ORF1a	141	0.035
ORF1a	142	0.040
ORF1a	143	0.037
ORF1a	144	0.005
ORF1a	146	0.005
ORF1a	147	0.005
ORF1a	148	0.003
ORF1a	149	0.003
ORF1a	154	0.003
ORF1a	156	0.003
ORF1a	161	0.003
ORF1a	165	0.003
ORF1a	166	0.013
ORF1a	173	0.003
ORF1a	181	0.007
ORF1a	182	0.003
ORF1a	183	0.005
ORF1a	184	0.016
ORF1a	188	0.003
ORF1a	190	0.007
ORF1a	193	0.005
ORF1a	196	0.003
ORF1a	201	0.003
ORF1a	203	0.017
ORF1a	204	0.007
ORF1a	206	0.005
ORF1a	207	0.038
ORF1a	209	0.003
ORF1a	211	0.014
ORF1a	212	0.005
ORF1a	213	0.003
ORF1a	214	0.008
ORF1a	220	0.003
ORF1a	222	0.003
ORF1a	224	0.025
ORF1a	226	0.005
ORF1a	227	0.003
ORF1a	229	0.003
ORF1a	231	0.003
ORF1a	232	0.008
ORF1a	235	0.003
ORF1a	236	0.003
ORF1a	243	0.003
ORF1a	261	0.092
ORF1a	265	0.336
ORF1a	268	0.005
ORF1a	271	0.018
ORF1a	274	0.003
ORF1a	275	0.003
ORF1a	276	0.003
ORF1a	278	0.009
ORF1a	279	0.013
ORF1a	280	0.005
ORF1a	282	0.005
ORF1a	284	0.005
ORF1a	286	0.009
ORF1a	287	0.003
ORF1a	289	0.003
ORF1a	290	0.005
ORF1a	291	0.005
ORF1a	292	0.013
ORF1a	293	0.003
ORF1a	295	0.005
ORF1a	297	0.010
ORF1a	298	0.007
ORF1a	300	0.043
ORF1a	302	0.009
ORF1a	305	0.008
ORF1a	307	0.011
ORF1a	308	0.003
ORF1a	309	0.161
ORF1a	310	0.005
ORF1a	311	0.003
ORF1a	313	0.003
ORF1a	314	0.003
ORF1a	315	0.003
ORF1a	316	0.003
ORF1a	318	0.009
ORF1a	322	0.008
ORF1a	327	0.003
ORF1a	332	0.003
ORF1a	333	0.014
ORF1a	335	0.003
ORF1a	337	0.008
ORF1a	339	0.008
ORF1a	343	0.005
ORF1a	346	0.018
ORF1a	347	0.014
ORF1a	349	0.003
ORF1a	350	0.009
ORF1a	351	0.003
ORF1a	352	0.003
ORF1a	353	0.003
ORF1a	354	0.003
ORF1a	355	0.003
ORF1a	359	0.003
ORF1a	360	0.005
ORF1a	361	0.008
ORF1a	368	0.005
ORF1a	369	0.003
ORF1a	371	0.003
ORF1a	372	0.008
ORF1a	374	0.011
ORF1a	375	0.003
ORF1a	376	0.019
ORF1a	378	0.027
ORF1a	379	0.003
ORF1a	380	0.068
ORF1a	381	0.005
ORF1a	384	0.015
ORF1a	385	0.010
ORF1a	388	0.017
ORF1a	391	0.009
ORF1a	392	0.019
ORF1a	393	0.003
ORF1a	394	0.003
ORF1a	395	0.003
ORF1a	397	0.003
ORF1a	398	0.011
ORF1a	400	0.021
ORF1a	403	0.042
ORF1a	410	0.003
ORF1a	412	0.003
ORF1a	417	0.010
ORF1a	419	0.003
ORF1a	424	0.017
ORF1a	427	0.003
ORF1a	428	0.010
ORF1a	429	0.007
ORF1a	430	0.003
ORF1a	431	0.036
ORF1a	433	0.003
ORF1a	435	0.003
ORF1a	436	0.003
ORF1a	438	0.003
ORF1a	442	0.005
ORF1a	443	0.025
ORF1a	444	0.005
ORF1a	445	0.013
ORF1a	446	0.008
ORF1a	447	0.007
ORF1a	448	0.009
ORF1a	449	0.003
ORF1a	450	0.005
ORF1a	451	0.003
ORF1a	453	0.007
ORF1a	454	0.009
ORF1a	455	0.003
ORF1a	457	0.003
ORF1a	458	0.003
ORF1a	459	0.003
ORF1a	460	0.032
ORF1a	462	0.003
ORF1a	463	0.003
ORF1a	464	0.003
ORF1a	465	0.003
ORF1a	467	0.003
ORF1a	469	0.005
ORF1a	472	0.011
ORF1a	474	0.007
ORF1a	476	0.003
ORF1a	479	0.003
ORF1a	481	0.003
ORF1a	482	0.005
ORF1a	484	0.003
ORF1a	486	0.011
ORF1a	487	0.005
ORF1a	492	0.003
ORF1a	493	0.003
ORF1a	494	0.003
ORF1a	496	0.005
ORF1a	498	0.030
ORF1a	505	0.003
ORF1a	506	0.003
ORF1a	513	0.005
ORF1a	515	0.003
ORF1a	516	0.014
ORF1a	518	0.003
ORF1a	519	0.056
ORF1a	522	0.003
ORF1a	523	0.005
ORF1a	524	0.003
ORF1a	526	0.014
ORF1a	527	0.008
ORF1a	532	0.003
ORF1a	536	0.008
ORF1a	537	0.003
ORF1a	538	0.013
ORF1a	540	0.007
ORF1a	542	0.016
ORF1a	548	0.003
ORF1a	549	0.007
ORF1a	550	0.008
ORF1a	551	0.009
ORF1a	552	0.003
ORF1a	554	0.011
ORF1a	555	0.007
ORF1a	558	0.012
ORF1a	560	0.005
ORF1a	561	0.027
ORF1a	565	0.008
ORF1a	566	0.003
ORF1a	567	0.005
ORF1a	568	0.011
ORF1a	572	0.003
ORF1a	575	0.003
ORF1a	580	0.011
ORF1a	581	0.003
ORF1a	587	0.003
ORF1a	588	0.003
ORF1a	589	0.003
ORF1a	590	0.013
ORF1a	591	0.011
ORF1a	592	0.005
ORF1a	594	0.005
ORF1a	596	0.005
ORF1a	598	0.003
ORF1a	599	0.042
ORF1a	602	0.005
ORF1a	607	0.008
ORF1a	609	0.013
ORF1a	610	0.007
ORF1a	611	0.003
ORF1a	614	0.008
ORF1a	615	0.003
ORF1a	616	0.003
ORF1a	617	0.005
ORF1a	622	0.005
ORF1a	626	0.005
ORF1a	627	0.016
ORF1a	628	0.008
ORF1a	629	0.012
ORF1a	630	0.003
ORF1a	631	0.003
ORF1a	632	0.003
ORF1a	633	0.017
ORF1a	634	0.010
ORF1a	635	0.003
ORF1a	636	0.003
ORF1a	637	0.003
ORF1a	638	0.003
ORF1a	639	0.003
ORF1a	640	0.013
ORF1a	642	0.009
ORF1a	646	0.005
ORF1a	649	0.009
ORF1a	655	0.003
ORF1a	656	0.005
ORF1a	657	0.007
ORF1a	658	0.003
ORF1a	660	0.003
ORF1a	661	0.005
ORF1a	662	0.003
ORF1a	665	0.021
ORF1a	666	0.003
ORF1a	667	0.005
ORF1a	669	0.008
ORF1a	671	0.010
ORF1a	673	0.003
ORF1a	675	0.003
ORF1a	676	0.007
ORF1a	679	0.003
ORF1a	680	0.011
ORF1a	681	0.013
ORF1a	687	0.003
ORF1a	690	0.022
ORF1a	691	0.011
ORF1a	692	0.009
ORF1a	693	0.007
ORF1a	694	0.003
ORF1a	698	0.005
ORF1a	699	0.003
ORF1a	700	0.003
ORF1a	701	0.003
ORF1a	702	0.003
ORF1a	708	0.011
ORF1a	711	0.003
ORF1a	712	0.003
ORF1a	713	0.003
ORF1a	714	0.003
ORF1a	723	0.007
ORF1a	724	0.005
ORF1a	726	0.005
ORF1a	727	0.016
ORF1a	728	0.010
ORF1a	729	0.003
ORF1a	730	0.069
ORF1a	731	0.005
ORF1a	732	0.005
ORF1a	733	0.003
ORF1a	737	0.009
ORF1a	738	0.003
ORF1a	739	0.008
ORF1a	740	0.003
ORF1a	748	0.003
ORF1a	753	0.003
ORF1a	754	0.007
ORF1a	755	0.003
ORF1a	757	0.015
ORF1a	758	0.003
ORF1a	760	0.015
ORF1a	762	0.003
ORF1a	765	0.007
ORF1a	767	0.009
ORF1a	769	0.007
ORF1a	770	0.003
ORF1a	774	0.003
ORF1a	775	0.003
ORF1a	776	0.014
ORF1a	778	0.003
ORF1a	781	0.014
ORF1a	782	0.003
ORF1a	790	0.003
ORF1a	792	0.003
ORF1a	793	0.005
ORF1a	794	0.003
ORF1a	796	0.005
ORF1a	797	0.003
ORF1a	798	0.007
ORF1a	801	0.005
ORF1a	804	0.020
ORF1a	807	0.003
ORF1a	812	0.003
ORF1a	814	0.017
ORF1a	819	0.003
ORF1a	822	0.003
ORF1a	823	0.011
ORF1a	827	0.003
ORF1a	833	0.003
ORF1a	840	0.003
ORF1a	841	0.003
ORF1a	842	0.007
ORF1a	847	0.008
ORF1a	848	0.003
ORF1a	853	0.003
ORF1a	858	0.005
ORF1a	859	0.043
ORF1a	861	0.003
ORF1a	862	0.005
ORF1a	866	0.007
ORF1a	868	0.010
ORF1a	872	0.003
ORF1a	876	0.003
ORF1a	879	0.009
ORF1a	880	0.003
ORF1a	882	0.009
ORF1a	884	0.003
ORF1a	885	0.007
ORF1a	887	0.003
ORF1a	890	0.005
ORF1a	891	0.018
ORF1a	893	0.003
ORF1a	894	0.003
ORF1a	895	0.003
ORF1a	902	0.003
ORF1a	903	0.023
ORF1a	911	0.003
ORF1a	913	0.013
ORF1a	916	0.003
ORF1a	919	0.003
ORF1a	920	0.003
ORF1a	926	0.005
ORF1a	927	0.005
ORF1a	928	0.023
ORF1a	929	0.010
ORF1a	930	0.003
ORF1a	934	0.003
ORF1a	935	0.003
ORF1a	940	0.007
ORF1a	941	0.003
ORF1a	942	0.010
ORF1a	943	0.005
ORF1a	944	0.052
ORF1a	945	0.005
ORF1a	950	0.003
ORF1a	951	0.015
ORF1a	953	0.014
ORF1a	956	0.003
ORF1a	957	0.005
ORF1a	959	0.095
ORF1a	962	0.003
ORF1a	963	0.003
ORF1a	964	0.012
ORF1a	966	0.003
ORF1a	967	0.027
ORF1a	968	0.003
ORF1a	969	0.003
ORF1a	971	0.041
ORF1a	974	0.003
ORF1a	981	0.005
ORF1a	984	0.003
ORF1a	987	0.003
ORF1a	988	0.003
ORF1a	989	0.005
ORF1a	992	0.003
ORF1a	993	0.009
ORF1a	995	0.014
ORF1a	996	0.003
ORF1a	997	0.003
ORF1a	998	0.025
ORF1a	999	0.007
ORF1a	1000	0.005
ORF1a	1001	0.509
ORF1a	1002	0.005
ORF1a	1006	0.005
ORF1a	1007	0.003
ORF1a	1009	0.005
ORF1a	1010	0.012
ORF1a	1011	0.003
ORF1a	1012	0.003
ORF1a	1013	0.012
ORF1a	1014	0.003
ORF1a	1015	0.003
ORF1a	1016	0.003
ORF1a	1017	0.005
ORF1a	1018	0.008
ORF1a	1019	0.003
ORF1a	1020	0.003
ORF1a	1021	0.008
ORF1a	1022	0.012
ORF1a	1023	0.003
ORF1a	1024	0.007
ORF1a	1025	0.010
ORF1a	1026	0.007
ORF1a	1027	0.005
ORF1a	1028	0.008
ORF1a	1035	0.005
ORF1a	1036	0.018
ORF1a	1043	0.003
ORF1a	1044	0.003
ORF1a	1049	0.009
ORF1a	1051	0.003
ORF1a	1054	0.012
ORF1a	1055	0.076
ORF1a	1056	0.027
ORF1a	1063	0.003
ORF1a	1066	0.003
ORF1a	1067	0.003
ORF1a	1070	0.003
ORF1a	1071	0.016
ORF1a	1073	0.008
ORF1a	1074	0.003
ORF1a	1076	0.003
ORF1a	1081	0.003
ORF1a	1086	0.008
ORF1a	1088	0.003
ORF1a	1091	0.012
ORF1a	1092	0.003
ORF1a	1093	0.008
ORF1a	1094	0.005
ORF1a	1095	0.005
ORF1a	1096	0.003
ORF1a	1097	0.003
ORF1a	1098	0.003
ORF1a	1099	0.003
ORF1a	1100	0.010
ORF1a	1101	0.003
ORF1a	1102	0.008
ORF1a	1103	0.003
ORF1a	1104	0.003
ORF1a	1105	0.003
ORF1a	1106	0.003
ORF1a	1107	0.003
ORF1a	1108	0.014
ORF1a	1109	0.003
ORF1a	1110	0.003
ORF1a	1111	0.003
ORF1a	1112	0.003
ORF1a	1113	0.017
ORF1a	1114	0.008
ORF1a	1115	0.003
ORF1a	1116	0.003
ORF1a	1117	0.003
ORF1a	1118	0.003
ORF1a	1119	0.005
ORF1a	1120	0.003
ORF1a	1121	0.003
ORF1a	1122	0.003
ORF1a	1123	0.005
ORF1a	1124	0.003
ORF1a	1125	0.023
ORF1a	1126	0.003
ORF1a	1127	0.005
ORF1a	1128	0.005
ORF1a	1129	0.005
ORF1a	1130	0.010
ORF1a	1131	0.003
ORF1a	1132	0.003
ORF1a	1133	0.003
ORF1a	1134	0.003
ORF1a	1135	0.003
ORF1a	1136	0.003
ORF1a	1137	0.003
ORF1a	1138	0.003
ORF1a	1139	0.003
ORF1a	1140	0.012
ORF1a	1141	0.003
ORF1a	1142	0.005
ORF1a	1143	0.025
ORF1a	1144	0.003
ORF1a	1145	0.005
ORF1a	1146	0.005
ORF1a	1147	0.008
ORF1a	1148	0.003
ORF1a	1149	0.003
ORF1a	1150	0.003
ORF1a	1151	0.008
ORF1a	1152	0.003
ORF1a	1153	0.003
ORF1a	1154	0.003
ORF1a	1155	0.010
ORF1a	1156	0.003
ORF1a	1157	0.003
ORF1a	1158	0.015
ORF1a	1159	0.010
ORF1a	1160	0.018
ORF1a	1161	0.003
ORF1a	1162	0.003
ORF1a	1163	0.003
ORF1a	1164	0.003
ORF1a	1165	0.003
ORF1a	1166	0.005
ORF1a	1167	0.005
ORF1a	1168	0.048
ORF1a	1169	0.003
ORF1a	1170	0.003
ORF1a	1171	0.005
ORF1a	1174	0.003
ORF1a	1175	0.015
ORF1a	1177	0.003
ORF1a	1182	0.011
ORF1a	1183	0.003
ORF1a	1186	0.014
ORF1a	1188	0.256
ORF1a	1189	0.003
ORF1a	1193	0.005
ORF1a	1194	0.003
ORF1a	1196	0.070
ORF1a	1199	0.003
ORF1a	1201	0.003
ORF1a	1202	0.011
ORF1a	1203	0.010
ORF1a	1204	0.008
ORF1a	1205	0.008
ORF1a	1206	0.003
ORF1a	1207	0.030
ORF1a	1208	0.003
ORF1a	1209	0.008
ORF1a	1210	0.003
ORF1a	1211	0.005
ORF1a	1212	0.005
ORF1a	1213	0.010
ORF1a	1214	0.003
ORF1a	1215	0.005
ORF1a	1217	0.003
ORF1a	1218	0.003
ORF1a	1220	0.008
ORF1a	1223	0.016
ORF1a	1226	0.003
ORF1a	1228	0.018
ORF1a	1229	0.003
ORF1a	1230	0.005
ORF1a	1231	0.012
ORF1a	1232	0.005
ORF1a	1236	0.009
ORF1a	1237	0.003
ORF1a	1240	0.003
ORF1a	1241	0.003
ORF1a	1242	0.003
ORF1a	1246	0.139
ORF1a	1247	0.005
ORF1a	1249	0.003
ORF1a	1250	0.005
ORF1a	1257	0.003
ORF1a	1259	0.005
ORF1a	1262	0.003
ORF1a	1265	0.005
ORF1a	1269	0.003
ORF1a	1270	0.003
ORF1a	1272	0.005
ORF1a	1273	0.005
ORF1a	1274	0.003
ORF1a	1276	0.003
ORF1a	1277	0.005
ORF1a	1280	0.005
ORF1a	1281	0.003
ORF1a	1282	0.005
ORF1a	1283	0.011
ORF1a	1286	0.003
ORF1a	1290	0.003
ORF1a	1291	0.022
ORF1a	1292	0.003
ORF1a	1293	0.008
ORF1a	1295	0.003
ORF1a	1298	0.009
ORF1a	1299	0.005
ORF1a	1305	0.005
ORF1a	1306	0.460
ORF1a	1310	0.003
ORF1a	1311	0.003
ORF1a	1312	0.005
ORF1a	1314	0.014
ORF1a	1316	0.005
ORF1a	1319	0.003
ORF1a	1320	0.003
ORF1a	1321	0.003
ORF1a	1340	0.003
ORF1a	1341	0.005
ORF1a	1343	0.005
ORF1a	1344	0.010
ORF1a	1346	0.005
ORF1a	1348	0.003
ORF1a	1352	0.024
ORF1a	1361	0.021
ORF1a	1363	0.010
ORF1a	1365	0.003
ORF1a	1375	0.003
ORF1a	1378	0.007
ORF1a	1380	0.020
ORF1a	1386	0.003
ORF1a	1391	0.003
ORF1a	1397	0.017
ORF1a	1398	0.029
ORF1a	1400	0.003
ORF1a	1401	0.005
ORF1a	1404	0.003
ORF1a	1410	0.003
ORF1a	1413	0.009
ORF1a	1416	0.003
ORF1a	1417	0.003
ORF1a	1419	0.003
ORF1a	1420	0.003
ORF1a	1427	0.003
ORF1a	1428	0.003
ORF1a	1429	0.007
ORF1a	1437	0.005
ORF1a	1438	0.003
ORF1a	1440	0.005
ORF1a	1442	0.005
ORF1a	1464	0.012
ORF1a	1465	0.005
ORF1a	1468	0.013
ORF1a	1473	0.013
ORF1a	1474	0.007
ORF1a	1477	0.003
ORF1a	1490	0.003
ORF1a	1496	0.065
ORF1a	1497	0.010
ORF1a	1500	0.014
ORF1a	1502	0.003
ORF1a	1504	0.003
ORF1a	1505	0.005
ORF1a	1507	0.030
ORF1a	1508	0.005
ORF1a	1510	0.007
ORF1a	1512	0.003
ORF1a	1515	0.007
ORF1a	1521	0.003
ORF1a	1525	0.007
ORF1a	1529	0.003
ORF1a	1532	0.005
ORF1a	1534	0.005
ORF1a	1538	0.074
ORF1a	1541	0.003
ORF1a	1542	0.009
ORF1a	1543	0.005
ORF1a	1545	0.014
ORF1a	1547	0.005
ORF1a	1551	0.008
ORF1a	1554	0.005
ORF1a	1563	0.003
ORF1a	1564	0.003
ORF1a	1567	0.067
ORF1a	1568	0.003
ORF1a	1579	0.005
ORF1a	1581	0.007
ORF1a	1582	0.003
ORF1a	1583	0.003
ORF1a	1584	0.003
ORF1a	1586	0.007
ORF1a	1587	0.003
ORF1a	1588	0.003
ORF1a	1589	0.005
ORF1a	1591	0.008
ORF1a	1592	0.005
ORF1a	1596	0.008
ORF1a	1597	0.007
ORF1a	1600	0.003
ORF1a	1605	0.003
ORF1a	1610	0.008
ORF1a	1611	0.003
ORF1a	1612	0.020
ORF1a	1620	0.003
ORF1a	1623	0.005
ORF1a	1625	0.009
ORF1a	1626	0.003
ORF1a	1631	0.005
ORF1a	1633	0.007
ORF1a	1637	0.005
ORF1a	1638	0.009
ORF1a	1639	0.025
ORF1a	1640	0.318
ORF1a	1647	0.007
ORF1a	1653	0.003
ORF1a	1655	0.175
ORF1a	1657	0.036
ORF1a	1662	0.007
ORF1a	1663	0.003
ORF1a	1671	0.005
ORF1a	1679	0.024
ORF1a	1682	0.015
ORF1a	1687	0.005
ORF1a	1692	0.007
ORF1a	1693	0.005
ORF1a	1708	0.509
ORF1a	1714	0.005
ORF1a	1716	0.003
ORF1a	1720	0.003
ORF1a	1721	0.003
ORF1a	1724	0.015
ORF1a	1733	0.007
ORF1a	1737	0.003
ORF1a	1738	0.003
ORF1a	1744	0.003
ORF1a	1745	0.003
ORF1a	1747	0.003
ORF1a	1748	0.003
ORF1a	1750	0.003
ORF1a	1754	0.014
ORF1a	1759	0.003
ORF1a	1760	0.007
ORF1a	1763	0.003
ORF1a	1765	0.003
ORF1a	1769	0.010
ORF1a	1771	0.005
ORF1a	1774	0.003
ORF1a	1784	0.003
ORF1a	1785	0.003
ORF1a	1786	0.008
ORF1a	1788	0.005
ORF1a	1795	0.253
ORF1a	1803	0.022
ORF1a	1805	0.003
ORF1a	1810	0.015
ORF1a	1812	0.027
ORF1a	1813	0.003
ORF1a	1814	0.003
ORF1a	1817	0.003
ORF1a	1819	0.003
ORF1a	1820	0.007
ORF1a	1822	0.026
ORF1a	1824	0.005
ORF1a	1825	0.007
ORF1a	1833	0.003
ORF1a	1837	0.003
ORF1a	1840	0.025
ORF1a	1841	0.003
ORF1a	1842	0.003
ORF1a	1843	0.005
ORF1a	1846	0.003
ORF1a	1853	0.009
ORF1a	1854	0.007
ORF1a	1855	0.008
ORF1a	1856	0.003
ORF1a	1857	0.005
ORF1a	1859	0.003
ORF1a	1862	0.016
ORF1a	1870	0.003
ORF1a	1872	0.010
ORF1a	1874	0.013
ORF1a	1876	0.003
ORF1a	1881	0.033
ORF1a	1887	0.007
ORF1a	1889	0.005
ORF1a	1890	0.009
ORF1a	1891	0.003
ORF1a	1895	0.020
ORF1a	1897	0.003
ORF1a	1898	0.003
ORF1a	1903	0.005
ORF1a	1905	0.009
ORF1a	1907	0.003
ORF1a	1909	0.003
ORF1a	1911	0.003
ORF1a	1920	0.005
ORF1a	1921	0.031
ORF1a	1922	0.003
ORF1a	1923	0.005
ORF1a	1924	0.012
ORF1a	1926	0.003
ORF1a	1938	0.005
ORF1a	1939	0.008
ORF1a	1940	0.005
ORF1a	1943	0.008
ORF1a	1945	0.003
ORF1a	1946	0.025
ORF1a	1950	0.003
ORF1a	1952	0.003
ORF1a	1958	0.003
ORF1a	1964	0.003
ORF1a	1977	0.008
ORF1a	1978	0.003
ORF1a	1983	0.003
ORF1a	1989	0.010
ORF1a	1991	0.028
ORF1a	1997	0.020
ORF1a	2001	0.012
ORF1a	2003	0.005
ORF1a	2007	0.063
ORF1a	2015	0.014
ORF1a	2016	0.062
ORF1a	2018	0.007
ORF1a	2019	0.003
ORF1a	2020	0.008
ORF1a	2021	0.003
ORF1a	2022	0.003
ORF1a	2024	0.014
ORF1a	2026	0.005
ORF1a	2027	0.005
ORF1a	2029	0.015
ORF1a	2030	0.028
ORF1a	2032	0.003
ORF1a	2033	0.010
ORF1a	2034	0.005
ORF1a	2035	0.003
ORF1a	2036	0.005
ORF1a	2037	0.003
ORF1a	2039	0.003
ORF1a	2041	0.003
ORF1a	2042	0.003
ORF1a	2043	0.003
ORF1a	2044	0.003
ORF1a	2046	0.474
ORF1a	2047	0.013
ORF1a	2048	0.009
ORF1a	2049	0.010
ORF1a	2050	0.003
ORF1a	2053	0.003
ORF1a	2055	0.016
ORF1a	2057	0.005
ORF1a	2058	0.003
ORF1a	2061	0.009
ORF1a	2062	0.043
ORF1a	2065	0.021
ORF1a	2068	0.011
ORF1a	2069	0.011
ORF1a	2070	0.005
ORF1a	2071	0.020
ORF1a	2073	0.003
ORF1a	2076	0.003
ORF1a	2079	0.016
ORF1a	2080	0.005
ORF1a	2082	0.003
ORF1a	2083	0.007
ORF1a	2084	0.007
ORF1a	2087	0.005
ORF1a	2089	0.005
ORF1a	2091	0.019
ORF1a	2092	0.105
ORF1a	2093	0.015
ORF1a	2094	0.013
ORF1a	2097	0.012
ORF1a	2101	0.003
ORF1a	2103	0.025
ORF1a	2105	0.005
ORF1a	2106	0.011
ORF1a	2110	0.003
ORF1a	2114	0.008
ORF1a	2115	0.012
ORF1a	2116	0.003
ORF1a	2118	0.003
ORF1a	2119	0.005
ORF1a	2120	0.003
ORF1a	2121	0.082
ORF1a	2122	0.009
ORF1a	2123	0.037
ORF1a	2124	0.022
ORF1a	2125	0.008
ORF1a	2128	0.005
ORF1a	2129	0.017
ORF1a	2130	0.003
ORF1a	2132	0.005
ORF1a	2136	0.003
ORF1a	2137	0.007
ORF1a	2138	0.003
ORF1a	2142	0.003
ORF1a	2144	0.003
ORF1a	2145	0.003
ORF1a	2146	0.011
ORF1a	2147	0.020
ORF1a	2149	0.003
ORF1a	2152	0.013
ORF1a	2153	0.007
ORF1a	2154	0.009
ORF1a	2159	0.010
ORF1a	2160	0.003
ORF1a	2165	0.003
ORF1a	2166	0.011
ORF1a	2174	0.005
ORF1a	2179	0.009
ORF1a	2183	0.014
ORF1a	2188	0.005
ORF1a	2189	0.003
ORF1a	2190	0.003
ORF1a	2191	0.003
ORF1a	2192	0.008
ORF1a	2193	0.014
ORF1a	2194	0.003
ORF1a	2195	0.003
ORF1a	2196	0.008
ORF1a	2197	0.003
ORF1a	2198	0.003
ORF1a	2199	0.003
ORF1a	2200	0.012
ORF1a	2201	0.010
ORF1a	2202	0.010
ORF1a	2203	0.005
ORF1a	2204	0.008
ORF1a	2205	0.003
ORF1a	2206	0.003
ORF1a	2207	0.003
ORF1a	2210	0.005
ORF1a	2214	0.003
ORF1a	2215	0.005
ORF1a	2221	0.007
ORF1a	2224	0.009
ORF1a	2230	0.509
ORF1a	2231	0.003
ORF1a	2233	0.003
ORF1a	2235	0.003
ORF1a	2242	0.011
ORF1a	2246	0.005
ORF1a	2247	0.005
ORF1a	2249	0.018
ORF1a	2255	0.015
ORF1a	2256	0.003
ORF1a	2258	0.003
ORF1a	2259	0.072
ORF1a	2260	0.018
ORF1a	2264	0.017
ORF1a	2265	0.003
ORF1a	2266	0.003
ORF1a	2267	0.003
ORF1a	2272	0.003
ORF1a	2273	0.003
ORF1a	2274	0.021
ORF1a	2276	0.005
ORF1a	2278	0.003
ORF1a	2279	0.007
ORF1a	2280	0.003
ORF1a	2283	0.007
ORF1a	2284	0.003
ORF1a	2285	0.003
ORF1a	2287	0.493
ORF1a	2288	0.003
ORF1a	2290	0.003
ORF1a	2293	0.023
ORF1a	2294	0.003
ORF1a	2299	0.003
ORF1a	2300	0.013
ORF1a	2303	0.003
ORF1a	2309	0.003
ORF1a	2312	0.003
ORF1a	2313	0.003
ORF1a	2321	0.003
ORF1a	2323	0.003
ORF1a	2325	0.003
ORF1a	2327	0.007
ORF1a	2329	0.003
ORF1a	2336	0.003
ORF1a	2340	0.005
ORF1a	2344	0.005
ORF1a	2345	0.033
ORF1a	2346	0.003
ORF1a	2347	0.003
ORF1a	2348	0.003
ORF1a	2349	0.003
ORF1a	2350	0.003
ORF1a	2351	0.003
ORF1a	2352	0.005
ORF1a	2353	0.005
ORF1a	2354	0.003
ORF1a	2355	0.005
ORF1a	2356	0.003
ORF1a	2357	0.003
ORF1a	2358	0.005
ORF1a	2359	0.003
ORF1a	2360	0.003
ORF1a	2361	0.005
ORF1a	2362	0.003
ORF1a	2363	0.003
ORF1a	2364	0.003
ORF1a	2365	0.008
ORF1a	2366	0.003
ORF1a	2367	0.003
ORF1a	2374	0.003
ORF1a	2376	0.011
ORF1a	2380	0.003
ORF1a	2387	0.083
ORF1a	2394	0.003
ORF1a	2396	0.005
ORF1a	2400	0.003
ORF1a	2406	0.009
ORF1a	2407	0.007
ORF1a	2408	0.012
ORF1a	2424	0.003
ORF1a	2454	0.003
ORF1a	2474	0.003
ORF1a	2488	0.015
ORF1a	2490	0.003
ORF1a	2493	0.003
ORF1a	2494	0.003
ORF1a	2495	0.005
ORF1a	2498	0.005
ORF1a	2500	0.017
ORF1a	2501	0.030
ORF1a	2503	0.003
ORF1a	2509	0.003
ORF1a	2511	0.086
ORF1a	2512	0.003
ORF1a	2518	0.003
ORF1a	2519	0.003
ORF1a	2520	0.003
ORF1a	2528	0.003
ORF1a	2529	0.071
ORF1a	2533	0.007
ORF1a	2535	0.015
ORF1a	2541	0.007
ORF1a	2551	0.007
ORF1a	2552	0.003
ORF1a	2553	0.016
ORF1a	2554	0.033
ORF1a	2574	0.003
ORF1a	2575	0.003
ORF1a	2582	0.003
ORF1a	2584	0.007
ORF1a	2587	0.003
ORF1a	2588	0.007
ORF1a	2589	0.009
ORF1a	2593	0.005
ORF1a	2596	0.027
ORF1a	2597	0.005
ORF1a	2598	0.003
ORF1a	2603	0.010
ORF1a	2604	0.007
ORF1a	2605	0.003
ORF1a	2606	0.036
ORF1a	2607	0.021
ORF1a	2609	0.012
ORF1a	2615	0.020
ORF1a	2617	0.005
ORF1a	2618	0.003
ORF1a	2620	0.007
ORF1a	2622	0.022
ORF1a	2625	0.013
ORF1a	2629	0.005
ORF1a	2631	0.012
ORF1a	2636	0.003
ORF1a	2637	0.003
ORF1a	2638	0.003
ORF1a	2646	0.003
ORF1a	2648	0.024
ORF1a	2655	0.003
ORF1a	2659	0.007
ORF1a	2661	0.003
ORF1a	2667	0.003
ORF1a	2674	0.005
ORF1a	2680	0.003
ORF1a	2681	0.003
ORF1a	2684	0.008
ORF1a	2685	0.014
ORF1a	2688	0.007
ORF1a	2693	0.003
ORF1a	2694	0.003
ORF1a	2695	0.003
ORF1a	2696	0.003
ORF1a	2698	0.003
ORF1a	2699	0.005
ORF1a	2701	0.003
ORF1a	2702	0.017
ORF1a	2706	0.003
ORF1a	2708	0.003
ORF1a	2715	0.007
ORF1a	2719	0.005
ORF1a	2729	0.003
ORF1a	2737	0.003
ORF1a	2738	0.003
ORF1a	2739	0.012
ORF1a	2745	0.005
ORF1a	2750	0.009
ORF1a	2756	0.003
ORF1a	2759	0.003
ORF1a	2761	0.008
ORF1a	2766	0.005
ORF1a	2767	0.005
ORF1a	2769	0.005
ORF1a	2771	0.005
ORF1a	2777	0.005
ORF1a	2778	0.005
ORF1a	2780	0.042
ORF1a	2781	0.003
ORF1a	2783	0.008
ORF1a	2784	0.003
ORF1a	2785	0.003
ORF1a	2786	0.009
ORF1a	2791	0.009
ORF1a	2792	0.003
ORF1a	2794	0.003
ORF1a	2796	0.042
ORF1a	2797	0.015
ORF1a	2798	0.005
ORF1a	2799	0.003
ORF1a	2800	0.005
ORF1a	2802	0.003
ORF1a	2803	0.003
ORF1a	2807	0.003
ORF1a	2812	0.003
ORF1a	2821	0.005
ORF1a	2823	0.007
ORF1a	2825	0.003
ORF1a	2828	0.003
ORF1a	2831	0.003
ORF1a	2833	0.003
ORF1a	2834	0.003
ORF1a	2846	0.022
ORF1a	2849	0.005
ORF1a	2850	0.005
ORF1a	2855	0.007
ORF1a	2857	0.003
ORF1a	2859	0.003
ORF1a	2862	0.005
ORF1a	2863	0.003
ORF1a	2864	0.003
ORF1a	2866	0.009
ORF1a	2868	0.005
ORF1a	2869	0.003
ORF1a	2872	0.007
ORF1a	2875	0.003
ORF1a	2877	0.009
ORF1a	2881	0.003
ORF1a	2888	0.003
ORF1a	2890	0.003
ORF1a	2891	0.005
ORF1a	2900	0.019
ORF1a	2903	0.003
ORF1a	2906	0.007
ORF1a	2908	0.003
ORF1a	2909	0.010
ORF1a	2925	0.003
ORF1a	2926	0.010
ORF1a	2927	0.003
ORF1a	2928	0.003
ORF1a	2929	0.003
ORF1a	2930	0.459
ORF1a	2931	0.003
ORF1a	2936	0.083
ORF1a	2941	0.003
ORF1a	2944	0.003
ORF1a	2946	0.003
ORF1a	2947	0.027
ORF1a	2950	0.003
ORF1a	2952	0.015
ORF1a	2953	0.003
ORF1a	2960	0.007
ORF1a	2963	0.003
ORF1a	2967	0.029
ORF1a	2968	0.005
ORF1a	2969	0.003
ORF1a	2972	0.003
ORF1a	2976	0.003
ORF1a	2977	0.007
ORF1a	2980	0.075
ORF1a	2981	0.007
ORF1a	2982	0.003
ORF1a	2986	0.003
ORF1a	2991	0.003
ORF1a	2992	0.003
ORF1a	2993	0.003
ORF1a	2994	0.015
ORF1a	3000	0.003
ORF1a	3002	0.003
ORF1a	3012	0.003
ORF1a	3023	0.005
ORF1a	3025	0.003
ORF1a	3027	0.028
ORF1a	3029	0.003
ORF1a	3032	0.009
ORF1a	3042	0.011
ORF1a	3048	0.003
ORF1a	3054	0.003
ORF1a	3055	0.007
ORF1a	3056	0.003
ORF1a	3057	0.008
ORF1a	3059	0.009
ORF1a	3060	0.003
ORF1a	3063	0.003
ORF1a	3070	0.012
ORF1a	3071	0.057
ORF1a	3072	0.009
ORF1a	3075	0.003
ORF1a	3076	0.005
ORF1a	3079	0.003
ORF1a	3082	0.003
ORF1a	3085	0.003
ORF1a	3086	0.003
ORF1a	3087	0.027
ORF1a	3090	0.005
ORF1a	3097	0.003
ORF1a	3099	0.007
ORF1a	3107	0.003
ORF1a	3108	0.005
ORF1a	3116	0.025
ORF1a	3117	0.023
ORF1a	3122	0.003
ORF1a	3125	0.003
ORF1a	3129	0.031
ORF1a	3138	0.027
ORF1a	3140	0.007
ORF1a	3143	0.043
ORF1a	3145	0.005
ORF1a	3147	0.003
ORF1a	3149	0.015
ORF1a	3153	0.003
ORF1a	3154	0.003
ORF1a	3158	0.011
ORF1a	3159	0.003
ORF1a	3162	0.017
ORF1a	3163	0.025
ORF1a	3164	0.003
ORF1a	3165	0.003
ORF1a	3166	0.003
ORF1a	3170	0.005
ORF1a	3172	0.003
ORF1a	3189	0.003
ORF1a	3195	0.005
ORF1a	3198	0.003
ORF1a	3201	0.142
ORF1a	3202	0.005
ORF1a	3209	0.319
ORF1a	3210	0.013
ORF1a	3212	0.005
ORF1a	3220	0.011
ORF1a	3221	0.007
ORF1a	3222	0.036
ORF1a	3229	0.003
ORF1a	3236	0.003
ORF1a	3239	0.003
ORF1a	3244	0.013
ORF1a	3249	0.003
ORF1a	3255	0.542
ORF1a	3258	0.003
ORF1a	3278	0.136
ORF1a	3279	0.003
ORF1a	3280	0.003
ORF1a	3281	0.005
ORF1a	3284	0.077
ORF1a	3286	0.003
ORF1a	3287	0.009
ORF1a	3296	0.003
ORF1a	3310	0.010
ORF1a	3313	0.011
ORF1a	3323	0.003
ORF1a	3328	0.003
ORF1a	3330	0.010
ORF1a	3334	0.023
ORF1a	3336	0.003
ORF1a	3338	0.017
ORF1a	3344	0.005
ORF1a	3350	0.003
ORF1a	3351	0.009
ORF1a	3352	0.059
ORF1a	3353	0.211
ORF1a	3355	0.003
ORF1a	3356	0.005
ORF1a	3357	0.012
ORF1a	3359	0.020
ORF1a	3371	0.039
ORF1a	3379	0.003
ORF1a	3382	0.003
ORF1a	3384	0.003
ORF1a	3392	0.005
ORF1a	3395	0.014
ORF1a	3411	0.005
ORF1a	3420	0.005
ORF1a	3423	0.005
ORF1a	3424	0.003
ORF1a	3425	0.016
ORF1a	3426	0.003
ORF1a	3427	0.003
ORF1a	3428	0.003
ORF1a	3429	0.003
ORF1a	3430	0.003
ORF1a	3431	0.003
ORF1a	3432	0.003
ORF1a	3433	0.003
ORF1a	3435	0.003
ORF1a	3437	0.003
ORF1a	3441	0.003
ORF1a	3442	0.003
ORF1a	3443	0.003
ORF1a	3444	0.003
ORF1a	3445	0.003
ORF1a	3446	0.003
ORF1a	3447	0.017
ORF1a	3448	0.003
ORF1a	3449	0.014
ORF1a	3450	0.003
ORF1a	3451	0.003
ORF1a	3452	0.003
ORF1a	3453	0.003
ORF1a	3454	0.021
ORF1a	3456	0.025
ORF1a	3457	0.008
ORF1a	3458	0.003
ORF1a	3459	0.009
ORF1a	3460	0.003
ORF1a	3461	0.008
ORF1a	3462	0.003
ORF1a	3463	0.003
ORF1a	3464	0.003
ORF1a	3465	0.003
ORF1a	3467	0.003
ORF1a	3468	0.029
ORF1a	3469	0.003
ORF1a	3470	0.003
ORF1a	3471	0.003
ORF1a	3472	0.003
ORF1a	3473	0.003
ORF1a	3474	0.003
ORF1a	3476	0.038
ORF1a	3477	0.003
ORF1a	3478	0.003
ORF1a	3479	0.003
ORF1a	3480	0.013
ORF1a	3481	0.003
ORF1a	3482	0.003
ORF1a	3483	0.010
ORF1a	3484	0.003
ORF1a	3485	0.003
ORF1a	3486	0.008
ORF1a	3487	0.003
ORF1a	3488	0.012
ORF1a	3489	0.003
ORF1a	3490	0.003
ORF1a	3492	0.003
ORF1a	3493	0.003
ORF1a	3494	0.003
ORF1a	3496	0.003
ORF1a	3497	0.012
ORF1a	3498	0.005
ORF1a	3499	0.005
ORF1a	3502	0.003
ORF1a	3503	0.003
ORF1a	3504	0.017
ORF1a	3505	0.005
ORF1a	3506	0.003
ORF1a	3507	0.003
ORF1a	3508	0.003
ORF1a	3509	0.010
ORF1a	3510	0.005
ORF1a	3511	0.005
ORF1a	3512	0.005
ORF1a	3513	0.003
ORF1a	3514	0.003
ORF1a	3515	0.005
ORF1a	3516	0.003
ORF1a	3517	0.003
ORF1a	3518	0.003
ORF1a	3519	0.003
ORF1a	3521	0.003
ORF1a	3523	0.019
ORF1a	3524	0.008
ORF1a	3525	0.003
ORF1a	3526	0.003
ORF1a	3527	0.012
ORF1a	3528	0.003
ORF1a	3529	0.014
ORF1a	3530	0.003
ORF1a	3531	0.003
ORF1a	3532	0.003
ORF1a	3533	0.003
ORF1a	3534	0.003
ORF1a	3535	0.003
ORF1a	3536	0.003
ORF1a	3537	0.008
ORF1a	3538	0.005
ORF1a	3539	0.008
ORF1a	3540	0.003
ORF1a	3541	0.003
ORF1a	3542	0.003
ORF1a	3543	0.003
ORF1a	3545	0.003
ORF1a	3546	0.005
ORF1a	3547	0.005
ORF1a	3548	0.005
ORF1a	3549	0.003
ORF1a	3550	0.003
ORF1a	3551	0.003
ORF1a	3552	0.003
ORF1a	3553	0.003
ORF1a	3554	0.003
ORF1a	3555	0.003
ORF1a	3556	0.003
ORF1a	3557	0.003
ORF1a	3558	0.003
ORF1a	3559	0.008
ORF1a	3560	0.008
ORF1a	3562	0.003
ORF1a	3565	0.003
ORF1a	3566	0.008
ORF1a	3567	0.008
ORF1a	3568	0.003
ORF1a	3570	0.005
ORF1a	3571	0.061
ORF1a	3572	0.003
ORF1a	3573	0.024
ORF1a	3574	0.003
ORF1a	3575	0.005
ORF1a	3576	0.003
ORF1a	3577	0.008
ORF1a	3578	0.008
ORF1a	3579	0.010
ORF1a	3580	0.063
ORF1a	3581	0.003
ORF1a	3582	0.003
ORF1a	3583	0.003
ORF1a	3584	0.003
ORF1a	3585	0.003
ORF1a	3586	0.003
ORF1a	3587	0.008
ORF1a	3588	0.003
ORF1a	3589	0.003
ORF1a	3590	0.003
ORF1a	3592	0.003
ORF1a	3593	0.042
ORF1a	3595	0.003
ORF1a	3596	0.010
ORF1a	3597	0.003
ORF1a	3598	0.003
ORF1a	3599	0.003
ORF1a	3600	0.003
ORF1a	3601	0.008
ORF1a	3602	0.010
ORF1a	3603	0.005
ORF1a	3604	0.003
ORF1a	3606	0.162
ORF1a	3610	0.005
ORF1a	3611	0.003
ORF1a	3613	0.005
ORF1a	3615	0.005
ORF1a	3616	0.005
ORF1a	3618	0.092
ORF1a	3620	0.005
ORF1a	3621	0.009
ORF1a	3623	0.005
ORF1a	3624	0.003
ORF1a	3625	0.003
ORF1a	3626	0.003
ORF1a	3627	0.005
ORF1a	3644	0.045
ORF1a	3645	0.003
ORF1a	3646	0.473
ORF1a	3649	0.005
ORF1a	3651	0.007
ORF1a	3653	0.007
ORF1a	3655	0.038
ORF1a	3661	0.003
ORF1a	3662	0.003
ORF1a	3667	0.028
ORF1a	3669	0.007
ORF1a	3673	0.003
ORF1a	3674	0.008
ORF1a	3675	0.668
ORF1a	3676	0.685
ORF1a	3677	0.686
ORF1a	3678	0.003
ORF1a	3680	0.007
ORF1a	3681	0.003
ORF1a	3683	0.003
ORF1a	3686	0.005
ORF1a	3687	0.027
ORF1a	3689	0.003
ORF1a	3691	0.032
ORF1a	3693	0.005
ORF1a	3694	0.007
ORF1a	3697	0.005
ORF1a	3703	0.003
ORF1a	3705	0.003
ORF1a	3711	0.007
ORF1a	3712	0.005
ORF1a	3715	0.003
ORF1a	3716	0.003
ORF1a	3718	0.312
ORF1a	3722	0.017
ORF1a	3728	0.005
ORF1a	3729	0.085
ORF1a	3730	0.009
ORF1a	3731	0.028
ORF1a	3732	0.007
ORF1a	3733	0.003
ORF1a	3736	0.009
ORF1a	3737	0.010
ORF1a	3745	0.003
ORF1a	3746	0.003
ORF1a	3747	0.003
ORF1a	3748	0.010
ORF1a	3749	0.003
ORF1a	3750	0.200
ORF1a	3752	0.030
ORF1a	3753	0.005
ORF1a	3756	0.003
ORF1a	3757	0.003
ORF1a	3758	0.005
ORF1a	3759	0.008
ORF1a	3761	0.005
ORF1a	3763	0.003
ORF1a	3764	0.011
ORF1a	3766	0.018
ORF1a	3767	0.010
ORF1a	3770	0.003
ORF1a	3771	0.003
ORF1a	3774	0.003
ORF1a	3776	0.005
ORF1a	3777	0.026
ORF1a	3781	0.003
ORF1a	3782	0.003
ORF1a	3783	0.003
ORF1a	3784	0.003
ORF1a	3785	0.003
ORF1a	3786	0.003
ORF1a	3787	0.003
ORF1a	3788	0.003
ORF1a	3789	0.003
ORF1a	3790	0.003
ORF1a	3791	0.003
ORF1a	3792	0.003
ORF1a	3793	0.003
ORF1a	3794	0.003
ORF1a	3795	0.003
ORF1a	3796	0.003
ORF1a	3797	0.003
ORF1a	3798	0.003
ORF1a	3799	0.003
ORF1a	3800	0.005
ORF1a	3801	0.003
ORF1a	3802	0.003
ORF1a	3803	0.003
ORF1a	3804	0.003
ORF1a	3805	0.003
ORF1a	3806	0.003
ORF1a	3808	0.003
ORF1a	3810	0.005
ORF1a	3823	0.003
ORF1a	3829	0.061
ORF1a	3832	0.003
ORF1a	3833	0.003
ORF1a	3835	0.003
ORF1a	3836	0.010
ORF1a	3837	0.003
ORF1a	3839	0.003
ORF1a	3840	0.003
ORF1a	3846	0.007
ORF1a	3847	0.017
ORF1a	3852	0.003
ORF1a	3856	0.003
ORF1a	3858	0.003
ORF1a	3859	0.003
ORF1a	3862	0.003
ORF1a	3871	0.003
ORF1a	3879	0.003
ORF1a	3884	0.052
ORF1a	3885	0.003
ORF1a	3887	0.003
ORF1a	3889	0.003
ORF1a	3892	0.003
ORF1a	3898	0.003
ORF1a	3901	0.003
ORF1a	3915	0.013
ORF1a	3917	0.003
ORF1a	3919	0.005
ORF1a	3922	0.005
ORF1a	3923	0.003
ORF1a	3927	0.003
ORF1a	3929	0.005
ORF1a	3930	0.053
ORF1a	3934	0.011
ORF1a	3935	0.003
ORF1a	3936	0.005
ORF1a	3939	0.003
ORF1a	3940	0.007
ORF1a	3944	0.011
ORF1a	3945	0.005
ORF1a	3946	0.003
ORF1a	3949	0.003
ORF1a	3950	0.003
ORF1a	3951	0.008
ORF1a	3952	0.008
ORF1a	3958	0.007
ORF1a	3959	0.005
ORF1a	3963	0.003
ORF1a	3966	0.057
ORF1a	3968	0.003
ORF1a	3972	0.003
ORF1a	3973	0.003
ORF1a	3975	0.005
ORF1a	3976	0.011
ORF1a	3979	0.005
ORF1a	3987	0.005
ORF1a	3993	0.008
ORF1a	4001	0.003
ORF1a	4005	0.003
ORF1a	4016	0.027
ORF1a	4018	0.003
ORF1a	4023	0.005
ORF1a	4031	0.003
ORF1a	4035	0.003
ORF1a	4037	0.003
ORF1a	4044	0.003
ORF1a	4049	0.005
ORF1a	4050	0.003
ORF1a	4064	0.003
ORF1a	4065	0.020
ORF1a	4068	0.003
ORF1a	4075	0.007
ORF1a	4080	0.012
ORF1a	4083	0.022
ORF1a	4087	0.039
ORF1a	4088	0.010
ORF1a	4090	0.036
ORF1a	4097	0.005
ORF1a	4098	0.003
ORF1a	4101	0.003
ORF1a	4102	0.003
ORF1a	4109	0.003
ORF1a	4110	0.007
ORF1a	4112	0.005
ORF1a	4113	0.003
ORF1a	4116	0.005
ORF1a	4117	0.003
ORF1a	4118	0.005
ORF1a	4119	0.003
ORF1a	4120	0.012
ORF1a	4129	0.015
ORF1a	4133	0.007
ORF1a	4136	0.003
ORF1a	4147	0.003
ORF1a	4151	0.007
ORF1a	4159	0.009
ORF1a	4161	0.017
ORF1a	4164	0.040
ORF1a	4165	0.005
ORF1a	4166	0.003
ORF1a	4167	0.003
ORF1a	4168	0.005
ORF1a	4169	0.003
ORF1a	4174	0.013
ORF1a	4175	0.084
ORF1a	4176	0.007
ORF1a	4178	0.005
ORF1a	4179	0.005
ORF1a	4182	0.020
ORF1a	4189	0.005
ORF1a	4194	0.003
ORF1a	4197	0.003
ORF1a	4199	0.003
ORF1a	4201	0.003
ORF1a	4205	0.028
ORF1a	4207	0.005
ORF1a	4211	0.003
ORF1a	4214	0.003
ORF1a	4216	0.005
ORF1a	4217	0.003
ORF1a	4220	0.010
ORF1a	4223	0.013
ORF1a	4224	0.003
ORF1a	4241	0.023
ORF1a	4245	0.003
ORF1a	4247	0.003
ORF1a	4248	0.003
ORF1a	4249	0.009
ORF1a	4261	0.007
ORF1a	4265	0.027
ORF1a	4275	0.005
ORF1a	4285	0.009
ORF1a	4290	0.003
ORF1a	4292	0.003
ORF1a	4295	0.003
ORF1a	4304	0.022
ORF1a	4308	0.008
ORF1a	4317	0.003
ORF1a	4334	0.003
ORF1a	4335	0.005
ORF1a	4337	0.003
ORF1a	4348	0.003
ORF1a	4350	0.003
ORF1a	4354	0.003
ORF1a	4355	0.015
ORF1a	4356	0.003
ORF1a	4357	0.005
ORF1a	4364	0.011
ORF1a	4374	0.009
ORF1a	4375	0.003
ORF1a	4380	0.003
ORF1a	4386	0.003
ORF1a	4387	0.023
ORF1a	4389	0.003
ORF1a	4391	0.005
ORF1a	4394	0.005
ORF1a	4398	0.008
ORF1b	3	0.003
ORF1b	7	0.005
ORF1b	11	0.003
ORF1b	16	0.005
ORF1b	17	0.013
ORF1b	28	0.005
ORF1b	29	0.003
ORF1b	33	0.003
ORF1b	35	0.003
ORF1b	37	0.005
ORF1b	50	0.011
ORF1b	51	0.003
ORF1b	53	0.005
ORF1b	54	0.007
ORF1b	59	0.003
ORF1b	63	0.009
ORF1b	69	0.005
ORF1b	76	0.009
ORF1b	82	0.035
ORF1b	83	0.013
ORF1b	86	0.005
ORF1b	88	0.046
ORF1b	94	0.003
ORF1b	99	0.005
ORF1b	101	0.008
ORF1b	103	0.003
ORF1b	109	0.005
ORF1b	115	0.018
ORF1b	118	0.005
ORF1b	128	0.008
ORF1b	131	0.003
ORF1b	132	0.003
ORF1b	142	0.003
ORF1b	144	0.016
ORF1b	146	0.003
ORF1b	149	0.003
ORF1b	151	0.003
ORF1b	154	0.003
ORF1b	161	0.003
ORF1b	162	0.005
ORF1b	164	0.005
ORF1b	166	0.003
ORF1b	168	0.003
ORF1b	170	0.005
ORF1b	172	0.003
ORF1b	175	0.003
ORF1b	176	0.028
ORF1b	181	0.005
ORF1b	183	0.038
ORF1b	185	0.003
ORF1b	186	0.003
ORF1b	187	0.020
ORF1b	188	0.035
ORF1b	189	0.008
ORF1b	190	0.005
ORF1b	193	0.003
ORF1b	215	0.003
ORF1b	216	0.015
ORF1b	218	0.165
ORF1b	219	0.008
ORF1b	220	0.010
ORF1b	222	0.003
ORF1b	231	0.003
ORF1b	239	0.005
ORF1b	240	0.010
ORF1b	243	0.003
ORF1b	247	0.003
ORF1b	248	0.012
ORF1b	249	0.003
ORF1b	251	0.005
ORF1b	254	0.003
ORF1b	255	0.005
ORF1b	258	0.003
ORF1b	260	0.010
ORF1b	266	0.003
ORF1b	267	0.003
ORF1b	275	0.008
ORF1b	281	0.003
ORF1b	284	0.009
ORF1b	290	0.003
ORF1b	302	0.008
ORF1b	310	0.005
ORF1b	311	0.003
ORF1b	314	0.279
ORF1b	321	0.005
ORF1b	335	0.003
ORF1b	345	0.005
ORF1b	348	0.003
ORF1b	354	0.003
ORF1b	361	0.003
ORF1b	370	0.003
ORF1b	371	0.003
ORF1b	373	0.007
ORF1b	374	0.003
ORF1b	375	0.007
ORF1b	376	0.003
ORF1b	393	0.003
ORF1b	396	0.008
ORF1b	408	0.003
ORF1b	414	0.013
ORF1b	417	0.005
ORF1b	425	0.003
ORF1b	427	0.003
ORF1b	436	0.009
ORF1b	440	0.010
ORF1b	442	0.005
ORF1b	452	0.003
ORF1b	454	0.013
ORF1b	457	0.019
ORF1b	462	0.003
ORF1b	463	0.003
ORF1b	469	0.009
ORF1b	472	0.012
ORF1b	482	0.003
ORF1b	511	0.003
ORF1b	512	0.024
ORF1b	513	0.003
ORF1b	517	0.011
ORF1b	520	0.027
ORF1b	524	0.003
ORF1b	528	0.005
ORF1b	537	0.003
ORF1b	538	0.003
ORF1b	539	0.003
ORF1b	545	0.003
ORF1b	557	0.003
ORF1b	572	0.003
ORF1b	574	0.025
ORF1b	576	0.009
ORF1b	579	0.005
ORF1b	592	0.007
ORF1b	595	0.003
ORF1b	596	0.016
ORF1b	598	0.008
ORF1b	604	0.017
ORF1b	620	0.028
ORF1b	623	0.007
ORF1b	624	0.005
ORF1b	627	0.005
ORF1b	629	0.005
ORF1b	634	0.027
ORF1b	635	0.009
ORF1b	638	0.011
ORF1b	640	0.003
ORF1b	647	0.012
ORF1b	657	0.020
ORF1b	658	0.003
ORF1b	659	0.003
ORF1b	662	0.566
ORF1b	697	0.003
ORF1b	701	0.005
ORF1b	702	0.003
ORF1b	709	0.009
ORF1b	710	0.003
ORF1b	711	0.024
ORF1b	712	0.003
ORF1b	721	0.014
ORF1b	722	0.003
ORF1b	725	0.003
ORF1b	729	0.003
ORF1b	730	0.013
ORF1b	734	0.003
ORF1b	735	0.005
ORF1b	747	0.005
ORF1b	762	0.005
ORF1b	765	0.023
ORF1b	767	0.027
ORF1b	773	0.003
ORF1b	786	0.003
ORF1b	788	0.005
ORF1b	792	0.003
ORF1b	794	0.003
ORF1b	795	0.003
ORF1b	796	0.005
ORF1b	797	0.005
ORF1b	798	0.003
ORF1b	809	0.032
ORF1b	810	0.003
ORF1b	813	0.039
ORF1b	814	0.012
ORF1b	815	0.005
ORF1b	816	0.003
ORF1b	817	0.003
ORF1b	820	0.023
ORF1b	829	0.046
ORF1b	841	0.003
ORF1b	846	0.003
ORF1b	861	0.009
ORF1b	864	0.005
ORF1b	867	0.005
ORF1b	868	0.003
ORF1b	869	0.012
ORF1b	870	0.010
ORF1b	873	0.003
ORF1b	881	0.003
ORF1b	883	0.003
ORF1b	897	0.003
ORF1b	899	0.005
ORF1b	904	0.003
ORF1b	907	0.003
ORF1b	909	0.009
ORF1b	913	0.003
ORF1b	914	0.003
ORF1b	923	0.003
ORF1b	941	0.013
ORF1b	958	0.008
ORF1b	961	0.005
ORF1b	969	0.003
ORF1b	970	0.010
ORF1b	974	0.003
ORF1b	975	0.007
ORF1b	976	0.016
ORF1b	977	0.005
ORF1b	981	0.003
ORF1b	984	0.005
ORF1b	991	0.003
ORF1b	992	0.003
ORF1b	997	0.012
ORF1b	1000	0.572
ORF1b	1001	0.034
ORF1b	1003	0.007
ORF1b	1005	0.003
ORF1b	1011	0.061
ORF1b	1021	0.008
ORF1b	1023	0.003
ORF1b	1024	0.007
ORF1b	1027	0.003
ORF1b	1028	0.025
ORF1b	1036	0.003
ORF1b	1038	0.005
ORF1b	1041	0.003
ORF1b	1047	0.005
ORF1b	1050	0.007
ORF1b	1052	0.003
ORF1b	1057	0.003
ORF1b	1064	0.003
ORF1b	1074	0.017
ORF1b	1076	0.007
ORF1b	1077	0.003
ORF1b	1080	0.003
ORF1b	1087	0.007
ORF1b	1088	0.003
ORF1b	1089	0.009
ORF1b	1092	0.017
ORF1b	1095	0.016
ORF1b	1099	0.003
ORF1b	1103	0.005
ORF1b	1109	0.003
ORF1b	1110	0.005
ORF1b	1116	0.003
ORF1b	1117	0.003
ORF1b	1127	0.003
ORF1b	1129	0.028
ORF1b	1131	0.007
ORF1b	1133	0.003
ORF1b	1135	0.003
ORF1b	1137	0.005
ORF1b	1139	0.003
ORF1b	1141	0.025
ORF1b	1149	0.039
ORF1b	1156	0.007
ORF1b	1160	0.005
ORF1b	1161	0.005
ORF1b	1170	0.010
ORF1b	1173	0.005
ORF1b	1174	0.003
ORF1b	1179	0.011
ORF1b	1181	0.003
ORF1b	1182	0.035
ORF1b	1183	0.045
ORF1b	1184	0.051
ORF1b	1188	0.003
ORF1b	1192	0.003
ORF1b	1194	0.003
ORF1b	1197	0.014
ORF1b	1199	0.003
ORF1b	1203	0.007
ORF1b	1213	0.036
ORF1b	1215	0.025
ORF1b	1219	0.035
ORF1b	1220	0.003
ORF1b	1223	0.009
ORF1b	1225	0.003
ORF1b	1230	0.007
ORF1b	1242	0.015
ORF1b	1247	0.005
ORF1b	1249	0.007
ORF1b	1257	0.048
ORF1b	1259	0.003
ORF1b	1261	0.003
ORF1b	1263	0.003
ORF1b	1264	0.254
ORF1b	1274	0.015
ORF1b	1279	0.003
ORF1b	1287	0.003
ORF1b	1288	0.011
ORF1b	1290	0.003
ORF1b	1291	0.013
ORF1b	1293	0.005
ORF1b	1296	0.003
ORF1b	1299	0.003
ORF1b	1302	0.003
ORF1b	1303	0.003
ORF1b	1306	0.003
ORF1b	1312	0.003
ORF1b	1315	0.016
ORF1b	1325	0.003
ORF1b	1326	0.005
ORF1b	1336	0.005
ORF1b	1338	0.003
ORF1b	1342	0.073
ORF1b	1348	0.003
ORF1b	1351	0.011
ORF1b	1352	0.045
ORF1b	1354	0.022
ORF1b	1356	0.003
ORF1b	1358	0.003
ORF1b	1362	0.023
ORF1b	1365	0.009
ORF1b	1369	0.010
ORF1b	1377	0.003
ORF1b	1378	0.003
ORF1b	1381	0.005
ORF1b	1383	0.153
ORF1b	1387	0.005
ORF1b	1389	0.003
ORF1b	1391	0.005
ORF1b	1392	0.005
ORF1b	1397	0.003
ORF1b	1398	0.003
ORF1b	1404	0.015
ORF1b	1407	0.003
ORF1b	1408	0.003
ORF1b	1410	0.003
ORF1b	1414	0.022
ORF1b	1416	0.003
ORF1b	1423	0.003
ORF1b	1424	0.005
ORF1b	1426	0.009
ORF1b	1427	0.031
ORF1b	1428	0.009
ORF1b	1432	0.013
ORF1b	1441	0.005
ORF1b	1443	0.014
ORF1b	1444	0.003
ORF1b	1446	0.005
ORF1b	1450	0.003
ORF1b	1452	0.013
ORF1b	1453	0.003
ORF1b	1454	0.003
ORF1b	1464	0.009
ORF1b	1465	0.003
ORF1b	1467	0.003
ORF1b	1470	0.003
ORF1b	1474	0.003
ORF1b	1476	0.003
ORF1b	1481	0.003
ORF1b	1493	0.005
ORF1b	1498	0.003
ORF1b	1499	0.015
ORF1b	1504	0.009
ORF1b	1506	0.003
ORF1b	1507	0.005
ORF1b	1511	0.039
ORF1b	1512	0.003
ORF1b	1520	0.003
ORF1b	1521	0.022
ORF1b	1522	0.017
ORF1b	1525	0.007
ORF1b	1537	0.003
ORF1b	1538	0.021
ORF1b	1540	0.055
ORF1b	1547	0.009
ORF1b	1550	0.015
ORF1b	1555	0.013
ORF1b	1564	0.008
ORF1b	1567	0.018
ORF1b	1568	0.010
ORF1b	1570	0.075
ORF1b	1572	0.005
ORF1b	1573	0.022
ORF1b	1576	0.003
ORF1b	1583	0.005
ORF1b	1586	0.003
ORF1b	1587	0.003
ORF1b	1594	0.005
ORF1b	1595	0.005
ORF1b	1596	0.023
ORF1b	1598	0.005
ORF1b	1600	0.003
ORF1b	1607	0.003
ORF1b	1609	0.007
ORF1b	1611	0.003
ORF1b	1619	0.003
ORF1b	1620	0.009
ORF1b	1624	0.005
ORF1b	1625	0.003
ORF1b	1637	0.009
ORF1b	1643	0.025
ORF1b	1644	0.003
ORF1b	1645	0.003
ORF1b	1649	0.015
ORF1b	1653	0.051
ORF1b	1655	0.003
ORF1b	1656	0.003
ORF1b	1657	0.005
ORF1b	1658	0.008
ORF1b	1660	0.005
ORF1b	1661	0.008
ORF1b	1662	0.007
ORF1b	1664	0.009
ORF1b	1666	0.010
ORF1b	1674	0.009
ORF1b	1675	0.005
ORF1b	1677	0.007
ORF1b	1678	0.003
ORF1b	1681	0.018
ORF1b	1682	0.005
ORF1b	1686	0.003
ORF1b	1687	0.005
ORF1b	1688	0.003
ORF1b	1691	0.005
ORF1b	1693	0.009
ORF1b	1698	0.003
ORF1b	1701	0.015
ORF1b	1705	0.005
ORF1b	1706	0.005
ORF1b	1713	0.003
ORF1b	1719	0.005
ORF1b	1720	0.008
ORF1b	1724	0.003
ORF1b	1727	0.022
ORF1b	1728	0.016
ORF1b	1729	0.003
ORF1b	1732	0.005
ORF1b	1737	0.010
ORF1b	1742	0.003
ORF1b	1743	0.003
ORF1b	1744	0.005
ORF1b	1746	0.005
ORF1b	1749	0.003
ORF1b	1757	0.003
ORF1b	1765	0.003
ORF1b	1774	0.023
ORF1b	1776	0.003
ORF1b	1778	0.003
ORF1b	1779	0.021
ORF1b	1780	0.003
ORF1b	1782	0.003
ORF1b	1787	0.008
ORF1b	1789	0.003
ORF1b	1790	0.005
ORF1b	1798	0.003
ORF1b	1807	0.003
ORF1b	1808	0.005
ORF1b	1811	0.003
ORF1b	1812	0.003
ORF1b	1813	0.011
ORF1b	1814	0.005
ORF1b	1815	0.003
ORF1b	1821	0.005
ORF1b	1822	0.003
ORF1b	1824	0.003
ORF1b	1826	0.003
ORF1b	1831	0.005
ORF1b	1835	0.005
ORF1b	1836	0.003
ORF1b	1838	0.003
ORF1b	1839	0.011
ORF1b	1840	0.003
ORF1b	1841	0.003
ORF1b	1843	0.003
ORF1b	1844	0.028
ORF1b	1847	0.007
ORF1b	1848	0.010
ORF1b	1851	0.029
ORF1b	1852	0.003
ORF1b	1868	0.005
ORF1b	1869	0.010
ORF1b	1871	0.020
ORF1b	1873	0.017
ORF1b	1878	0.005
ORF1b	1881	0.003
ORF1b	1884	0.023
ORF1b	1887	0.005
ORF1b	1889	0.005
ORF1b	1893	0.003
ORF1b	1895	0.003
ORF1b	1897	0.003
ORF1b	1898	0.028
ORF1b	1899	0.005
ORF1b	1901	0.003
ORF1b	1905	0.007
ORF1b	1914	0.003
ORF1b	1918	0.462
ORF1b	1927	0.003
ORF1b	1936	0.027
ORF1b	1940	0.003
ORF1b	1943	0.003
ORF1b	1944	0.010
ORF1b	1945	0.005
ORF1b	1946	0.005
ORF1b	1947	0.005
ORF1b	1948	0.005
ORF1b	1949	0.005
ORF1b	1950	0.005
ORF1b	1951	0.005
ORF1b	1952	0.005
ORF1b	1953	0.005
ORF1b	1954	0.005
ORF1b	1955	0.005
ORF1b	1956	0.005
ORF1b	1957	0.005
ORF1b	1958	0.005
ORF1b	1959	0.008
ORF1b	1960	0.008
ORF1b	1961	0.005
ORF1b	1962	0.010
ORF1b	1963	0.008
ORF1b	1964	0.005
ORF1b	1965	0.005
ORF1b	1966	0.008
ORF1b	1967	0.022
ORF1b	1968	0.005
ORF1b	1969	0.005
ORF1b	1970	0.008
ORF1b	1971	0.005
ORF1b	1972	0.005
ORF1b	1973	0.005
ORF1b	1974	0.013
ORF1b	1975	0.077
ORF1b	1976	0.005
ORF1b	1977	0.010
ORF1b	1978	0.005
ORF1b	1979	0.010
ORF1b	1980	0.005
ORF1b	1981	0.005
ORF1b	1982	0.005
ORF1b	1983	0.005
ORF1b	1984	0.005
ORF1b	1985	0.005
ORF1b	1986	0.005
ORF1b	1987	0.008
ORF1b	1988	0.005
ORF1b	1989	0.005
ORF1b	1990	0.005
ORF1b	1991	0.005
ORF1b	1992	0.005
ORF1b	1993	0.005
ORF1b	1994	0.005
ORF1b	1995	0.005
ORF1b	1996	0.005
ORF1b	1997	0.005
ORF1b	1998	0.008
ORF1b	1999	0.005
ORF1b	2000	0.005
ORF1b	2001	0.005
ORF1b	2002	0.005
ORF1b	2003	0.005
ORF1b	2004	0.005
ORF1b	2005	0.008
ORF1b	2006	0.005
ORF1b	2007	0.005
ORF1b	2008	0.005
ORF1b	2009	0.005
ORF1b	2010	0.005
ORF1b	2011	0.005
ORF1b	2012	0.005
ORF1b	2013	0.008
ORF1b	2014	0.005
ORF1b	2015	0.005
ORF1b	2016	0.005
ORF1b	2017	0.005
ORF1b	2018	0.008
ORF1b	2019	0.005
ORF1b	2020	0.010
ORF1b	2021	0.008
ORF1b	2022	0.005
ORF1b	2023	0.005
ORF1b	2024	0.005
ORF1b	2025	0.012
ORF1b	2026	0.005
ORF1b	2027	0.013
ORF1b	2028	0.003
ORF1b	2029	0.003
ORF1b	2040	0.020
ORF1b	2043	0.003
ORF1b	2046	0.003
ORF1b	2048	0.003
ORF1b	2060	0.003
ORF1b	2061	0.003
ORF1b	2063	0.010
ORF1b	2067	0.003
ORF1b	2070	0.012
ORF1b	2071	0.003
ORF1b	2073	0.009
ORF1b	2074	0.007
ORF1b	2075	0.003
ORF1b	2078	0.003
ORF1b	2081	0.005
ORF1b	2082	0.005
ORF1b	2084	0.015
ORF1b	2085	0.005
ORF1b	2089	0.014
ORF1b	2090	0.003
ORF1b	2092	0.003
ORF1b	2099	0.007
ORF1b	2105	0.003
ORF1b	2110	0.003
ORF1b	2113	0.003
ORF1b	2116	0.015
ORF1b	2117	0.017
ORF1b	2118	0.003
ORF1b	2120	0.003
ORF1b	2127	0.005
ORF1b	2131	0.007
ORF1b	2132	0.018
ORF1b	2134	0.003
ORF1b	2136	0.003
ORF1b	2138	0.005
ORF1b	2142	0.007
ORF1b	2143	0.003
ORF1b	2145	0.009
ORF1b	2151	0.003
ORF1b	2160	0.013
ORF1b	2163	0.005
ORF1b	2165	0.012
ORF1b	2166	0.005
ORF1b	2169	0.015
ORF1b	2170	0.016
ORF1b	2178	0.028
ORF1b	2179	0.018
ORF1b	2182	0.003
ORF1b	2183	0.005
ORF1b	2184	0.003
ORF1b	2194	0.003
ORF1b	2198	0.009
ORF1b	2201	0.003
ORF1b	2204	0.003
ORF1b	2212	0.007
ORF1b	2213	0.007
ORF1b	2217	0.003
ORF1b	2220	0.003
ORF1b	2221	0.003
ORF1b	2222	0.014
ORF1b	2223	0.005
ORF1b	2236	0.003
ORF1b	2237	0.005
ORF1b	2244	0.003
ORF1b	2247	0.003
ORF1b	2250	0.003
ORF1b	2254	0.003
ORF1b	2256	0.023
ORF1b	2257	0.008
ORF1b	2258	0.003
ORF1b	2259	0.003
ORF1b	2260	0.012
ORF1b	2262	0.005
ORF1b	2263	0.003
ORF1b	2268	0.003
ORF1b	2270	0.020
ORF1b	2274	0.003
ORF1b	2275	0.003
ORF1b	2279	0.003
ORF1b	2280	0.003
ORF1b	2282	0.007
ORF1b	2285	0.082
ORF1b	2294	0.003
ORF1b	2297	0.007
ORF1b	2303	0.007
ORF1b	2306	0.007
ORF1b	2308	0.015
ORF1b	2310	0.069
ORF1b	2311	0.008
ORF1b	2312	0.033
ORF1b	2313	0.010
ORF1b	2314	0.005
ORF1b	2318	0.003
ORF1b	2320	0.003
ORF1b	2321	0.003
ORF1b	2322	0.005
ORF1b	2323	0.003
ORF1b	2324	0.008
ORF1b	2329	0.003
ORF1b	2330	0.003
ORF1b	2333	0.020
ORF1b	2334	0.003
ORF1b	2335	0.005
ORF1b	2336	0.003
ORF1b	2337	0.007
ORF1b	2338	0.013
ORF1b	2339	0.009
ORF1b	2341	0.003
ORF1b	2342	0.003
ORF1b	2349	0.005
ORF1b	2350	0.009
ORF1b	2355	0.003
ORF1b	2356	0.005
ORF1b	2358	0.003
ORF1b	2359	0.005
ORF1b	2361	0.003
ORF1b	2363	0.003
ORF1b	2364	0.003
ORF1b	2365	0.003
ORF1b	2366	0.003
ORF1b	2367	0.005
ORF1b	2368	0.007
ORF1b	2370	0.003
ORF1b	2371	0.089
ORF1b	2376	0.003
ORF1b	2378	0.003
ORF1b	2380	0.003
ORF1b	2381	0.003
ORF1b	2382	0.009
ORF1b	2385	0.003
ORF1b	2386	0.005
ORF1b	2388	0.003
ORF1b	2395	0.003
ORF1b	2399	0.005
ORF1b	2403	0.025
ORF1b	2406	0.005
ORF1b	2407	0.003
ORF1b	2408	0.003
ORF1b	2414	0.018
ORF1b	2417	0.005
ORF1b	2421	0.003
ORF1b	2430	0.010
ORF1b	2431	0.013
ORF1b	2432	0.017
ORF1b	2434	0.005
ORF1b	2436	0.003
ORF1b	2439	0.005
ORF1b	2445	0.003
ORF1b	2452	0.003
ORF1b	2453	0.005
ORF1b	2488	0.007
ORF1b	2489	0.005
ORF1b	2497	0.003
ORF1b	2499	0.008
ORF1b	2501	0.003
ORF1b	2507	0.003
ORF1b	2510	0.007
ORF1b	2513	0.025
ORF1b	2514	0.008
ORF1b	2516	0.005
ORF1b	2519	0.003
ORF1b	2523	0.011
ORF1b	2528	0.003
ORF1b	2531	0.003
ORF1b	2536	0.003
ORF1b	2537	0.028
ORF1b	2544	0.005
ORF1b	2548	0.039
ORF1b	2554	0.003
ORF1b	2557	0.075
ORF1b	2559	0.005
ORF1b	2560	0.007
ORF1b	2565	0.003
ORF1b	2566	0.003
ORF1b	2567	0.003
ORF1b	2568	0.003
ORF1b	2576	0.024
ORF1b	2579	0.007
ORF1b	2580	0.003
ORF1b	2581	0.003
ORF1b	2583	0.003
ORF1b	2589	0.003
ORF1b	2592	0.003
ORF1b	2604	0.005
ORF1b	2607	0.003
ORF1b	2610	0.003
ORF1b	2612	0.016
ORF1b	2613	0.109
ORF1b	2620	0.003
ORF1b	2630	0.003
ORF1b	2631	0.003
ORF1b	2632	0.003
ORF1b	2633	0.022
ORF1b	2635	0.073
ORF1b	2658	0.005
ORF1b	2667	0.014
ORF1b	2673	0.005
ORF1b	2681	0.005
ORF1b	2684	0.007
ORF1b	2685	0.003
ORF1b	2687	0.007
ORF1b	2689	0.003
ORF1b	2691	0.003
ORF3a	2	0.003
ORF3a	6	0.016
ORF3a	7	0.016
ORF3a	9	0.013
ORF3a	10	0.003
ORF3a	11	0.018
ORF3a	12	0.028
ORF3a	13	0.028
ORF3a	14	0.038
ORF3a	15	0.057
ORF3a	16	0.016
ORF3a	17	0.013
ORF3a	18	0.042
ORF3a	19	0.023
ORF3a	20	0.003
ORF3a	21	0.031
ORF3a	22	0.027
ORF3a	23	0.029
ORF3a	24	0.016
ORF3a	25	0.023
ORF3a	26	0.596
ORF3a	27	0.044
ORF3a	28	0.025
ORF3a	29	0.005
ORF3a	30	0.008
ORF3a	31	0.010
ORF3a	32	0.007
ORF3a	33	0.005
ORF3a	34	0.003
ORF3a	35	0.005
ORF3a	37	0.003
ORF3a	38	0.008
ORF3a	39	0.007
ORF3a	40	0.009
ORF3a	41	0.077
ORF3a	42	0.090
ORF3a	43	0.003
ORF3a	44	0.008
ORF3a	45	0.016
ORF3a	46	0.008
ORF3a	47	0.012
ORF3a	49	0.005
ORF3a	50	0.024
ORF3a	52	0.017
ORF3a	53	0.016
ORF3a	54	0.029
ORF3a	55	0.008
ORF3a	56	0.003
ORF3a	57	0.455
ORF3a	58	0.010
ORF3a	59	0.003
ORF3a	60	0.003
ORF3a	62	0.003
ORF3a	64	0.003
ORF3a	65	0.008
ORF3a	67	0.014
ORF3a	68	0.023
ORF3a	69	0.019
ORF3a	72	0.019
ORF3a	73	0.008
ORF3a	74	0.042
ORF3a	75	0.012
ORF3a	76	0.003
ORF3a	77	0.016
ORF3a	78	0.015
ORF3a	80	0.003
ORF3a	81	0.003
ORF3a	83	0.009
ORF3a	84	0.003
ORF3a	85	0.009
ORF3a	86	0.003
ORF3a	87	0.003
ORF3a	88	0.013
ORF3a	89	0.017
ORF3a	90	0.014
ORF3a	92	0.009
ORF3a	93	0.005
ORF3a	94	0.013
ORF3a	95	0.019
ORF3a	96	0.003
ORF3a	97	0.003
ORF3a	98	0.007
ORF3a	99	0.025
ORF3a	100	0.030
ORF3a	101	0.013
ORF3a	102	0.009
ORF3a	103	0.008
ORF3a	104	0.066
ORF3a	105	0.005
ORF3a	106	0.005
ORF3a	107	0.005
ORF3a	108	0.005
ORF3a	109	0.005
ORF3a	110	0.039
ORF3a	112	0.011
ORF3a	117	0.003
ORF3a	118	0.007
ORF3a	119	0.008
ORF3a	123	0.003
ORF3a	125	0.005
ORF3a	126	0.024
ORF3a	127	0.003
ORF3a	128	0.008
ORF3a	129	0.005
ORF3a	131	0.108
ORF3a	132	0.003
ORF3a	134	0.017
ORF3a	140	0.011
ORF3a	142	0.003
ORF3a	143	0.005
ORF3a	147	0.007
ORF3a	149	0.051
ORF3a	151	0.055
ORF3a	154	0.005
ORF3a	155	0.035
ORF3a	158	0.005
ORF3a	159	0.003
ORF3a	163	0.009
ORF3a	165	0.011
ORF3a	166	0.003
ORF3a	169	0.003
ORF3a	170	0.003
ORF3a	171	0.185
ORF3a	172	0.109
ORF3a	173	0.008
ORF3a	174	0.047
ORF3a	175	0.026
ORF3a	176	0.005
ORF3a	177	0.005
ORF3a	178	0.003
ORF3a	179	0.005
ORF3a	180	0.003
ORF3a	182	0.005
ORF3a	184	0.003
ORF3a	185	0.005
ORF3a	186	0.003
ORF3a	188	0.003
ORF3a	189	0.005
ORF3a	191	0.005
ORF3a	192	0.003
ORF3a	193	0.007
ORF3a	194	0.009
ORF3a	195	0.010
ORF3a	196	0.055
ORF3a	199	0.003
ORF3a	201	0.005
ORF3a	202	0.026
ORF3a	205	0.003
ORF3a	208	0.003
ORF3a	209	0.005
ORF3a	210	0.003
ORF3a	213	0.009
ORF3a	215	0.003
ORF3a	216	0.014
ORF3a	217	0.014
ORF3a	219	0.017
ORF3a	220	0.003
ORF3a	221	0.003
ORF3a	222	0.003
ORF3a	223	0.049
ORF3a	224	0.037
ORF3a	225	0.007
ORF3a	226	0.005
ORF3a	227	0.003
ORF3a	229	0.003
ORF3a	230	0.003
ORF3a	231	0.005
ORF3a	236	0.005
ORF3a	238	0.007
ORF3a	239	0.044
ORF3a	240	0.030
ORF3a	241	0.003
ORF3a	245	0.003
ORF3a	246	0.003
ORF3a	247	0.003
ORF3a	251	0.053
ORF3a	253	0.257
ORF3a	254	0.037
ORF3a	255	0.020
ORF3a	256	0.012
ORF3a	257	0.012
ORF3a	258	0.010
ORF3a	259	0.007
ORF3a	260	0.019
ORF3a	261	0.008
ORF3a	262	0.005
ORF3a	263	0.005
ORF3a	264	0.005
ORF3a	267	0.005
ORF3a	268	0.008
ORF3a	269	0.007
ORF3a	270	0.003
ORF3a	271	0.007
ORF3a	275	0.009
ORF6	2	0.062
ORF6	3	0.003
ORF6	4	0.005
ORF6	5	0.003
ORF6	6	0.005
ORF6	7	0.005
ORF6	8	0.003
ORF6	9	0.003
ORF6	12	0.003
ORF6	20	0.003
ORF6	21	0.018
ORF6	22	0.005
ORF6	24	0.005
ORF6	27	0.015
ORF6	29	0.003
ORF6	31	0.005
ORF6	33	0.061
ORF6	35	0.003
ORF6	39	0.005
ORF6	41	0.003
ORF6	42	0.010
ORF6	44	0.003
ORF6	46	0.005
ORF6	48	0.036
ORF6	49	0.003
ORF6	53	0.005
ORF6	54	0.010
ORF6	55	0.005
ORF6	56	0.003
ORF6	57	0.003
ORF6	59	0.008
ORF6	60	0.003
ORF6	61	0.014
ORF6	62	0.017
ORF7a	1	0.017
ORF7a	2	0.019
ORF7a	4	0.008
ORF7a	5	0.012
ORF7a	6	0.007
ORF7a	7	0.007
ORF7a	8	0.012
ORF7a	9	0.007
ORF7a	10	0.007
ORF7a	11	0.012
ORF7a	12	0.012
ORF7a	13	0.010
ORF7a	14	0.025
ORF7a	15	0.010
ORF7a	16	0.015
ORF7a	17	0.014
ORF7a	18	0.007
ORF7a	19	0.007
ORF7a	20	0.007
ORF7a	21	0.007
ORF7a	22	0.014
ORF7a	23	0.008
ORF7a	24	0.010
ORF7a	25	0.003
ORF7a	26	0.005
ORF7a	27	0.003
ORF7a	28	0.023
ORF7a	29	0.018
ORF7a	30	0.003
ORF7a	31	0.003
ORF7a	32	0.003
ORF7a	33	0.005
ORF7a	34	0.012
ORF7a	35	0.003
ORF7a	36	0.003
ORF7a	37	0.024
ORF7a	38	0.019
ORF7a	39	0.030
ORF7a	40	0.005
ORF7a	41	0.021
ORF7a	42	0.010
ORF7a	43	0.008
ORF7a	44	0.005
ORF7a	45	0.096
ORF7a	46	0.010
ORF7a	47	0.010
ORF7a	48	0.008
ORF7a	49	0.008
ORF7a	50	0.008
ORF7a	51	0.010
ORF7a	52	0.008
ORF7a	53	0.005
ORF7a	54	0.008
ORF7a	55	0.008
ORF7a	56	0.005
ORF7a	57	0.005
ORF7a	58	0.012
ORF7a	59	0.009
ORF7a	60	0.014
ORF7a	61	0.022
ORF7a	62	0.043
ORF7a	63	0.016
ORF7a	64	0.016
ORF7a	65	0.014
ORF7a	66	0.019
ORF7a	67	0.009
ORF7a	68	0.009
ORF7a	69	0.009
ORF7a	70	0.010
ORF7a	71	0.082
ORF7a	72	0.059
ORF7a	73	0.076
ORF7a	74	0.061
ORF7a	75	0.059
ORF7a	76	0.076
ORF7a	77	0.005
ORF7a	78	0.008
ORF7a	79	0.012
ORF7a	80	0.015
ORF7a	81	0.013
ORF7a	82	0.578
ORF7a	83	0.017
ORF7a	84	0.010
ORF7a	85	0.005
ORF7a	86	0.005
ORF7a	87	0.005
ORF7a	88	0.010
ORF7a	89	0.008
ORF7a	90	0.008
ORF7a	91	0.008
ORF7a	92	0.005
ORF7a	93	0.018
ORF7a	94	0.030
ORF7a	95	0.017
ORF7a	96	0.016
ORF7a	97	0.010
ORF7a	98	0.014
ORF7a	99	0.015
ORF7a	100	0.005
ORF7a	101	0.003
ORF7a	102	0.008
ORF7a	103	0.005
ORF7a	104	0.021
ORF7a	105	0.019
ORF7a	106	0.010
ORF7a	107	0.010
ORF7a	108	0.007
ORF7a	109	0.007
ORF7a	110	0.007
ORF7a	111	0.007
ORF7a	112	0.010
ORF7a	113	0.008
ORF7a	114	0.005
ORF7a	115	0.008
ORF7a	116	0.146
ORF7a	118	0.018
ORF7a	119	0.005
ORF7a	120	0.575
ORF7a	121	0.022
ORF7a	122	0.010
ORF7b	1	0.012
ORF7b	2	0.009
ORF7b	3	0.014
ORF7b	4	0.014
ORF7b	5	0.028
ORF7b	6	0.005
ORF7b	7	0.003
ORF7b	8	0.003
ORF7b	9	0.012
ORF7b	10	0.003
ORF7b	11	0.008
ORF7b	12	0.005
ORF7b	13	0.003
ORF7b	14	0.033
ORF7b	15	0.018
ORF7b	16	0.003
ORF7b	21	0.003
ORF7b	23	0.003
ORF7b	24	0.003
ORF7b	25	0.003
ORF7b	27	0.003
ORF7b	29	0.008
ORF7b	30	0.003
ORF7b	31	0.015
ORF7b	32	0.007
ORF7b	33	0.005
ORF7b	34	0.003
ORF7b	37	0.005
ORF7b	38	0.003
ORF7b	39	0.022
ORF7b	40	0.467
ORF7b	41	0.008
ORF7b	42	0.008
ORF7b	43	0.033
ORF7b	44	0.003
ORF8	1	0.084
ORF8	2	0.086
ORF8	3	0.010
ORF8	4	0.023
ORF8	5	0.005
ORF8	6	0.003
ORF8	8	0.019
ORF8	9	0.008
ORF8	10	0.017
ORF8	11	0.156
ORF8	12	0.003
ORF8	13	0.003
ORF8	14	0.003
ORF8	15	0.003
ORF8	16	0.005
ORF8	17	0.005
ORF8	18	0.018
ORF8	19	0.014
ORF8	20	0.003
ORF8	21	0.005
ORF8	22	0.003
ORF8	23	0.003
ORF8	24	0.071
ORF8	25	0.005
ORF8	26	0.012
ORF8	27	0.511
ORF8	28	0.003
ORF8	29	0.005
ORF8	30	0.014
ORF8	31	0.003
ORF8	32	0.017
ORF8	33	0.003
ORF8	34	0.005
ORF8	35	0.017
ORF8	36	0.031
ORF8	37	0.017
ORF8	38	0.084
ORF8	39	0.023
ORF8	40	0.008
ORF8	41	0.003
ORF8	42	0.003
ORF8	43	0.003
ORF8	44	0.005
ORF8	45	0.032
ORF8	46	0.003
ORF8	47	0.003
ORF8	48	0.003
ORF8	49	0.005
ORF8	50	0.003
ORF8	51	0.022
ORF8	52	0.530
ORF8	53	0.003
ORF8	54	0.014
ORF8	55	0.024
ORF8	56	0.003
ORF8	57	0.003
ORF8	58	0.007
ORF8	59	0.008
ORF8	60	0.003
ORF8	61	0.047
ORF8	62	0.024
ORF8	63	0.008
ORF8	64	0.016
ORF8	65	0.065
ORF8	66	0.017
ORF8	67	0.103
ORF8	68	0.329
ORF8	69	0.043
ORF8	70	0.008
ORF8	71	0.005
ORF8	72	0.014
ORF8	73	0.510
ORF8	74	0.003
ORF8	75	0.003
ORF8	76	0.005
ORF8	77	0.005
ORF8	78	0.003
ORF8	79	0.003
ORF8	80	0.005
ORF8	81	0.003
ORF8	82	0.005
ORF8	83	0.010
ORF8	84	0.127
ORF8	85	0.008
ORF8	86	0.005
ORF8	87	0.005
ORF8	88	0.010
ORF8	89	0.003
ORF8	90	0.003
ORF8	91	0.005
ORF8	92	0.269
ORF8	93	0.003
ORF8	94	0.003
ORF8	95	0.029
ORF8	96	0.005
ORF8	97	0.005
ORF8	98	0.003
ORF8	99	0.003
ORF8	100	0.019
ORF8	101	0.008
ORF8	102	0.011
ORF8	103	0.008
ORF8	104	0.003
ORF8	105	0.003
ORF8	106	0.016
ORF8	107	0.003
ORF8	108	0.003
ORF8	109	0.003
ORF8	110	0.013
ORF8	111	0.005
ORF8	112	0.005
ORF8	114	0.009
ORF8	115	0.013
ORF8	117	0.007
ORF8	118	0.034
ORF8	119	0.577
ORF8	120	0.040
ORF8	121	0.064
ORF9b	1	0.003
ORF9b	2	0.010
ORF9b	3	0.022
ORF9b	4	0.007
ORF9b	5	0.039
ORF9b	6	0.063
ORF9b	7	0.003
ORF9b	8	0.012
ORF9b	9	0.072
ORF9b	10	0.145
ORF9b	11	0.008
ORF9b	13	0.023
ORF9b	14	0.003
ORF9b	15	0.005
ORF9b	16	0.029
ORF9b	17	0.014
ORF9b	18	0.007
ORF9b	19	0.005
ORF9b	21	0.003
ORF9b	22	0.005
ORF9b	24	0.005
ORF9b	25	0.009
ORF9b	26	0.010
ORF9b	27	0.028
ORF9b	29	0.005
ORF9b	30	0.010
ORF9b	31	0.003
ORF9b	32	0.080
ORF9b	33	0.005
ORF9b	34	0.005
ORF9b	35	0.017
ORF9b	37	0.003
ORF9b	38	0.014
ORF9b	39	0.005
ORF9b	46	0.003
ORF9b	50	0.015
ORF9b	51	0.013
ORF9b	53	0.005
ORF9b	57	0.017
ORF9b	58	0.003
ORF9b	59	0.003
ORF9b	60	0.558
ORF9b	63	0.003
ORF9b	67	0.013
ORF9b	68	0.005
ORF9b	72	0.009
ORF9b	74	0.003
ORF9b	75	0.003
ORF9b	77	0.256
ORF9b	82	0.003
ORF9b	83	0.011
ORF9b	86	0.005
ORF9b	89	0.003
ORF9b	92	0.003
ORF9b	95	0.003
S	3	0.007
S	5	0.118
S	6	0.022
S	8	0.003
S	9	0.007
S	11	0.003
S	12	0.042
S	13	0.035
S	14	0.018
S	15	0.003
S	16	0.005
S	17	0.005
S	18	0.341
S	19	0.578
S	20	0.263
S	21	0.025
S	22	0.011
S	24	0.010
S	25	0.008
S	26	0.284
S	27	0.042
S	28	0.007
S	29	0.020
S	32	0.003
S	33	0.005
S	35	0.005
S	42	0.003
S	46	0.003
S	49	0.015
S	51	0.013
S	52	0.066
S	53	0.007
S	54	0.018
S	55	0.003
S	59	0.003
S	62	0.003
S	64	0.005
S	66	0.005
S	67	0.100
S	68	0.003
S	69	0.550
S	70	0.542
S	72	0.007
S	75	0.099
S	76	0.085
S	77	0.027
S	78	0.003
S	80	0.215
S	82	0.003
S	83	0.003
S	85	0.003
S	87	0.005
S	88	0.008
S	93	0.003
S	94	0.005
S	95	0.353
S	96	0.005
S	97	0.015
S	98	0.042
S	100	0.005
S	102	0.008
S	111	0.003
S	112	0.018
S	120	0.005
S	126	0.028
S	127	0.003
S	128	0.003
S	135	0.003
S	136	0.003
S	137	0.005
S	138	0.298
S	139	0.007
S	140	0.011
S	141	0.042
S	142	0.527
S	143	0.043
S	144	0.628
S	145	0.079
S	146	0.010
S	147	0.005
S	148	0.003
S	150	0.007
S	152	0.104
S	153	0.031
S	154	0.049
S	155	0.016
S	156	0.574
S	157	0.626
S	158	0.584
S	162	0.003
S	164	0.003
S	170	0.003
S	174	0.010
S	175	0.003
S	176	0.014
S	177	0.008
S	178	0.018
S	179	0.003
S	180	0.003
S	181	0.019
S	182	0.003
S	185	0.003
S	188	0.005
S	190	0.256
S	197	0.005
S	208	0.003
S	209	0.003
S	210	0.024
S	211	0.008
S	212	0.005
S	213	0.005
S	214	0.024
S	215	0.200
S	216	0.012
S	217	0.003
S	218	0.007
S	219	0.003
S	221	0.003
S	222	0.239
S	224	0.003
S	226	0.003
S	228	0.003
S	229	0.005
S	232	0.003
S	240	0.012
S	241	0.174
S	242	0.180
S	243	0.188
S	244	0.007
S	245	0.034
S	246	0.095
S	247	0.084
S	248	0.088
S	249	0.086
S	250	0.116
S	251	0.101
S	252	0.083
S	253	0.152
S	254	0.005
S	255	0.015
S	256	0.005
S	257	0.010
S	258	0.033
S	260	0.003
S	261	0.008
S	262	0.020
S	265	0.003
S	271	0.003
S	272	0.007
S	273	0.005
S	280	0.003
S	281	0.012
S	284	0.003
S	286	0.003
S	287	0.003
S	289	0.003
S	292	0.003
S	299	0.005
S	306	0.003
S	307	0.007
S	308	0.015
S	323	0.015
S	328	0.003
S	335	0.003
S	339	0.003
S	346	0.103
S	348	0.019
S	349	0.003
S	352	0.005
S	354	0.010
S	356	0.003
S	358	0.005
S	361	0.003
S	367	0.042
S	370	0.005
S	373	0.005
S	382	0.007
S	384	0.010
S	385	0.003
S	393	0.003
S	402	0.003
S	411	0.003
S	414	0.028
S	417	0.421
S	420	0.003
S	427	0.007
S	439	0.060
S	440	0.036
S	441	0.003
S	444	0.003
S	445	0.003
S	446	0.005
S	449	0.008
S	450	0.023
S	452	0.675
S	455	0.003
S	459	0.005
S	460	0.003
S	474	0.003
S	477	0.094
S	478	0.585
S	481	0.005
S	484	0.507
S	485	0.003
S	490	0.093
S	493	0.005
S	494	0.018
S	501	0.653
S	503	0.005
S	514	0.003
S	516	0.003
S	520	0.013
S	522	0.007
S	528	0.003
S	540	0.005
S	547	0.005
S	554	0.007
S	558	0.010
S	564	0.003
S	565	0.003
S	570	0.516
S	572	0.038
S	574	0.005
S	575	0.005
S	582	0.003
S	583	0.008
S	595	0.003
S	613	0.038
S	614	0.185
S	615	0.005
S	618	0.007
S	619	0.003
S	622	0.003
S	623	0.012
S	625	0.003
S	626	0.007
S	627	0.003
S	631	0.003
S	632	0.005
S	635	0.005
S	638	0.005
S	640	0.015
S	641	0.003
S	642	0.003
S	643	0.003
S	646	0.003
S	647	0.003
S	652	0.003
S	653	0.011
S	654	0.010
S	655	0.265
S	658	0.003
S	661	0.007
S	672	0.003
S	673	0.005
S	674	0.003
S	675	0.056
S	676	0.003
S	677	0.122
S	678	0.008
S	679	0.019
S	680	0.016
S	681	1.066
S	684	0.007
S	687	0.003
S	688	0.031
S	689	0.010
S	690	0.003
S	694	0.007
S	699	0.005
S	701	0.217
S	704	0.010
S	706	0.013
S	710	0.005
S	716	0.519
S	719	0.012
S	721	0.003
S	723	0.005
S	725	0.003
S	728	0.003
S	731	0.007
S	732	0.098
S	735	0.028
S	739	0.005
S	740	0.005
S	744	0.003
S	747	0.010
S	748	0.003
S	750	0.003
S	751	0.005
S	752	0.003
S	754	0.003
S	758	0.003
S	763	0.003
S	769	0.028
S	775	0.003
S	778	0.005
S	779	0.010
S	780	0.008
S	782	0.003
S	785	0.003
S	790	0.003
S	791	0.018
S	796	0.093
S	797	0.007
S	805	0.003
S	808	0.003
S	809	0.018
S	812	0.018
S	824	0.003
S	826	0.005
S	827	0.003
S	831	0.005
S	839	0.016
S	843	0.007
S	844	0.005
S	845	0.026
S	846	0.003
S	849	0.003
S	850	0.003
S	859	0.099
S	862	0.003
S	871	0.016
S	879	0.008
S	884	0.003
S	885	0.003
S	887	0.003
S	888	0.056
S	892	0.003
S	899	0.025
S	909	0.003
S	922	0.003
S	936	0.028
S	938	0.011
S	939	0.030
S	940	0.007
S	941	0.003
S	942	0.008
S	950	0.589
S	954	0.003
S	957	0.023
S	976	0.003
S	979	0.007
S	982	0.508
S	1005	0.003
S	1014	0.003
S	1016	0.003
S	1020	0.012
S	1025	0.003
S	1027	0.278
S	1045	0.005
S	1052	0.003
S	1063	0.003
S	1065	0.010
S	1067	0.003
S	1068	0.005
S	1070	0.005
S	1071	0.043
S	1073	0.003
S	1074	0.027
S	1076	0.005
S	1078	0.016
S	1080	0.003
S	1083	0.005
S	1084	0.005
S	1085	0.005
S	1086	0.003
S	1087	0.009
S	1090	0.003
S	1092	0.003
S	1094	0.005
S	1099	0.003
S	1101	0.045
S	1103	0.003
S	1104	0.059
S	1111	0.003
S	1116	0.003
S	1117	0.015
S	1118	0.514
S	1122	0.005
S	1124	0.012
S	1127	0.003
S	1132	0.003
S	1139	0.012
S	1141	0.003
S	1143	0.003
S	1144	0.003
S	1146	0.005
S	1153	0.010
S	1155	0.003
S	1159	0.007
S	1162	0.042
S	1163	0.012
S	1165	0.003
S	1167	0.036
S	1170	0.003
S	1174	0.003
S	1176	0.283
S	1177	0.014
S	1181	0.003
S	1191	0.041
S	1194	0.003
S	1195	0.005
S	1199	0.003
S	1200	0.003
S	1202	0.012
S	1208	0.010
S	1217	0.003
S	1219	0.024
S	1225	0.003
S	1227	0.003
S	1228	0.023
S	1229	0.011
S	1230	0.003
S	1234	0.003
S	1235	0.007
S	1237	0.037
S	1245	0.003
S	1247	0.011
S	1248	0.005
S	1250	0.005
S	1251	0.014
S	1252	0.005
S	1253	0.003
S	1254	0.003
S	1256	0.003
S	1257	0.003
S	1258	0.036
S	1259	0.022
S	1260	0.008
S	1263	0.010
S	1264	0.103
S	1265	0.005
S	1267	0.003
S	1273	0.003